registered,cnt
226,250
16,18
90,107
126,145
758,857
39,45
196,216
27,40
5,7
315,534
20,21
278,280
273,279
127,138
74,83
48,65
16,16
192,302
110,161
223,230
652,662
432,477
808,838
188,275
119,124
32,47
157,217
118,131
141,192
49,55
134,183
21,28
227,349
74,75
437,691
50,55
101,182
23,23
212,292
1,1
32,34
142,151
171,178
474,694
8,14
83,129
233,269
155,156
370,624
41,55
43,43
4,5
88,91
156,204
48,61
99,130
169,180
171,202
400,710
237,256
7,7
72,79
59,91
109,123
228,300
17,19
148,180
6,8
26,28
73,78
100,126
247,268
91,110
293,373
6,7
127,147
95,102
222,364
383,628
16,21
100,116
168,182
39,47
7,8
79,137
176,302
16,16
146,162
216,263
369,376
16,21
220,282
22,23
338,350
23,30
3,5
11,19
123,136
180,273
1,2
247,256
112,115
42,43
181,208
618,698
209,258
374,448
88,100
233,261
467,522
128,178
179,311
67,76
104,117
33,36
79,79
413,481
14,22
19,21
25,26
61,77
24,26
200,275
21,22
143,157
246,273
3,3
197,226
178,190
25,35
44,62
5,6
5,5
64,95
193,200
14,14
6,7
76,92
802,970
15,17
9,9
31,31
289,346
126,144
22,30
238,299
60,62
100,118
95,98
106,122
33,46
5,5
10,15
278,561
284,432
8,8
48,91
29,37
198,206
73,74
158,162
11,12
14,16
207,355
2,2
83,90
211,349
5,5
26,31
116,126
404,668
232,303
257,378
102,123
313,354
378,391
202,212
165,213
87,101
314,500
9,13
83,127
259,298
181,418
77,86
283,327
5,9
233,261
116,134
54,62
252,257
320,335
21,22
401,711
139,149
2,2
50,55
329,554
209,224
16,23
24,24
122,140
9,10
340,566
354,362
618,661
22,23
3,4
200,424
130,248
64,88
62,124
199,202
54,83
200,219
37,52
345,361
78,107
114,136
104,108
83,89
57,65
127,135
2,6
290,460
214,376
37,40
4,4
179,214
244,250
171,225
285,369
214,238
272,472
30,39
692,808
184,301
57,73
81,119
125,178
4,4
120,138
154,192
92,118
151,186
330,351
189,230
92,107
313,367
216,281
77,96
106,164
105,108
161,198
1,2
152,177
240,436
111,164
161,239
8,11
40,41
232,345
173,190
76,88
6,7
214,280
156,269
11,15
363,375
288,314
357,362
23,25
189,222
329,582
110,112
190,234
6,10
2,3
79,101
294,306
30,32
25,26
5,5
213,254
213,264
190,220
6,6
43,53
120,126
571,613
9,10
171,218
1,1
33,51
3,4
399,405
167,177
116,157
221,310
186,202
130,171
351,617
27,31
259,289
12,12
45,50
146,223
556,584
297,347
1,1
11,20
205,249
4,4
166,195
73,98
5,5
636,668
133,157
153,194
201,241
5,12
113,148
76,83
22,30
4,8
231,235
105,109
164,165
4,5
10,14
76,86
229,246
24,27
265,275
130,183
258,297
4,4
101,119
347,355
448,479
78,100
193,254
105,110
89,101
4,5
36,37
81,106
194,230
16,16
17,19
202,261
343,407
191,361
25,36
17,18
270,346
114,152
3,3
221,331
1,2
52,79
102,112
399,547
123,205
9,11
111,114
192,257
234,334
22,24
305,342
80,99
34,35
527,614
30,31
336,362
188,243
34,36
57,61
219,232
458,489
139,187
628,738
135,159
270,281
224,332
23,31
491,729
7,12
8,10
59,62
140,159
108,125
510,588
222,228
335,382
221,294
55,90
106,134
461,504
5,5
260,274
161,219
70,74
214,447
43,45
141,337
226,319
160,225
46,49
103,121
22,26
69,81
205,256
151,245
123,145
106,129
161,226
113,136
101,138
70,78
71,92
290,409
3,4
357,536
176,195
68,76
106,113
12,14
165,181
188,254
109,110
335,508
4,4
39,44
4,4
88,92
131,152
11,12
582,592
495,513
7,7
492,562
10,11
72,109
260,408
14,24
67,77
219,384
11,12
38,38
13,16
18,25
92,108
16,19
193,214
232,433
79,95
29,29
207,241
61,67
47,52
103,135
5,6
106,117
18,21
318,336
111,114
774,864
170,197
8,8
137,149
6,6
42,46
85,117
396,421
400,432
8,8
145,185
145,179
68,89
23,24
219,337
350,413
46,57
66,80
49,54
300,389
15,16
9,9
178,218
445,513
465,532
148,200
3,3
107,182
97,99
137,188
343,576
10,10
10,10
194,241
1,1
489,508
20,25
190,220
170,191
43,52
296,308
1,1
244,285
61,79
105,118
131,153
33,41
21,28
110,130
211,237
338,385
107,108
8,12
539,598
170,349
24,24
230,438
91,94
177,217
20,20
368,379
10,11
225,270
201,273
127,226
507,572
323,355
273,312
408,644
208,298
118,130
5,5
557,585
8,8
189,224
7,13
69,97
117,163
4,5
201,234
264,309
86,121
62,92
91,113
36,36
94,107
16,20
263,309
283,297
31,44
352,392
153,206
3,4
15,15
97,141
88,107
247,302
229,339
260,328
67,71
209,242
234,304
180,254
77,90
3,3
117,135
186,299
18,18
18,23
103,155
129,137
137,154
169,243
139,183
330,494
207,234
4,5
70,73
42,44
214,363
5,5
26,26
149,212
242,259
83,98
100,138
63,69
161,341
65,69
520,537
190,217
115,154
230,256
215,233
136,159
221,238
160,265
14,15
2,2
154,205
538,557
34,37
4,4
4,4
20,27
58,58
281,451
6,6
15,16
283,328
8,8
423,452
46,55
206,306
492,548
617,632
134,153
35,40
6,7
115,123
11,11
256,260
45,57
117,175
86,122
32,32
106,123
120,166
179,291
75,82
157,189
346,457
629,648
220,241
3,3
11,13
5,5
9,10
154,165
329,502
326,384
72,76
206,212
275,452
454,517
99,101
228,254
11,13
32,46
1,2
9,9
68,78
226,238
474,538
192,223
256,437
95,150
228,500
26,30
241,251
44,45
9,13
53,63
26,27
782,857
32,36
281,331
243,247
22,28
154,160
235,392
252,294
55,61
368,438
340,419
5,5
421,686
354,593
52,80
58,104
333,374
181,237
194,293
35,41
414,515
152,194
233,245
182,240
121,142
228,269
94,138
163,215
199,294
46,64
6,9
204,214
117,182
29,33
194,277
267,272
285,295
8,8
98,110
264,441
373,421
392,422
163,167
37,38
4,6
77,119
38,39
360,373
1,1
88,132
222,363
461,484
281,328
183,233
20,21
380,575
365,434
116,124
107,166
195,256
4,4
35,36
121,164
4,4
98,128
72,93
126,147
126,159
221,237
66,91
197,199
173,206
789,901
11,16
238,416
177,249
19,20
15,20
20,20
184,206
337,512
31,46
6,7
264,313
252,265
16,17
82,103
203,228
241,252
1,4
70,88
43,43
132,141
117,186
95,109
271,312
1,2
108,128
50,53
232,323
98,153
159,216
41,42
13,13
87,98
83,130
104,115
298,411
174,178
458,521
126,136
111,127
470,556
218,246
232,323
48,59
35,37
128,168
150,180
1,1
698,823
81,86
38,39
16,20
487,501
63,96
129,149
119,120
286,314
148,154
5,5
191,316
181,192
7,11
238,299
3,3
7,7
83,90
148,159
3,3
253,286
22,31
157,193
187,249
164,232
47,52
175,252
333,371
21,21
226,291
200,219
314,551
131,151
149,239
285,315
1,1
236,369
170,237
23,27
17,18
81,103
201,278
63,64
15,25
62,63
219,268
359,373
61,76
61,87
9,9
421,442
20,20
5,8
123,175
209,214
23,23
8,10
53,62
81,108
183,222
133,150
271,462
217,271
81,120
6,6
99,101
37,41
48,67
709,812
5,5
417,441
145,184
243,321
183,241
251,269
414,491
155,170
4,6
464,555
259,356
11,14
16,19
146,189
21,24
117,117
26,26
137,147
5,6
165,168
2,3
42,48
76,80
170,201
233,302
79,84
19,20
124,136
5,5
3,3
393,405
602,680
164,199
90,90
315,335
9,10
18,33
153,201
260,389
54,69
125,176
806,839
1,1
71,79
8,19
134,152
191,217
601,729
89,93
345,359
124,135
264,315
677,715
19,25
155,188
44,48
301,314
45,45
10,10
72,90
226,411
351,373
468,508
192,237
481,634
9,10
39,47
9,15
537,633
397,410
163,212
52,62
331,473
3,3
141,210
3,3
258,262
64,69
198,229
176,209
35,44
49,50
1,1
199,262
102,109
77,99
22,31
304,327
38,86
220,288
104,212
12,16
48,61
25,27
83,119
93,155
10,10
334,426
398,453
39,40
3,4
5,13
58,64
639,658
51,54
185,247
244,307
10,12
222,296
238,297
78,89
4,4
5,5
6,7
157,166
79,85
17,23
9,10
83,92
136,165
675,770
2,2
47,51
48,56
159,234
336,374
441,486
33,49
470,553
876,953
524,591
332,463
357,412
244,255
161,190
159,166
6,6
4,11
219,245
22,25
20,26
224,296
241,294
20,25
1,1
135,180
130,160
183,190
207,210
362,377
366,412
174,201
325,363
7,11
251,282
246,262
200,248
313,343
40,57
97,114
129,169
170,228
32,47
45,46
282,437
350,417
79,93
184,230
347,440
79,88
380,488
92,94
27,27
9,16
46,46
137,166
407,425
137,240
30,31
157,180
2,2
140,181
418,449
56,60
5,5
31,31
14,18
22,28
457,482
164,207
397,426
546,558
233,272
83,106
417,458
147,173
378,581
39,45
77,148
66,70
44,47
548,671
9,16
617,650
430,446
196,211
15,20
110,184
212,351
280,342
338,391
226,328
203,275
533,623
40,44
201,234
155,204
107,144
144,188
168,253
431,489
94,104
25,26
161,167
168,208
210,305
104,138
1,3
52,58
178,195
1,1
230,297
4,5
408,418
5,5
25,26
157,189
240,299
59,59
36,43
6,7
82,106
146,147
228,313
54,56
184,311
26,28
116,149
17,17
1,1
160,175
75,80
80,81
40,46
3,3
15,15
244,303
7,7
192,398
217,385
49,50
27,31
44,45
6,7
517,527
5,6
116,177
98,107
49,55
169,213
90,98
202,304
6,6
140,173
384,462
138,172
2,2
227,272
7,11
134,145
27,33
15,23
143,171
124,126
38,45
345,361
112,176
8,8
5,6
1,2
41,41
1,1
109,112
8,8
164,220
464,567
99,117
3,3
486,529
88,102
123,148
46,50
11,21
219,287
0,1
73,113
5,6
207,316
14,22
5,7
151,189
3,4
354,443
49,50
83,87
4,8
529,545
41,41
147,184
83,94
11,11
415,439
255,299
57,65
266,293
94,106
536,562
372,639
28,32
1,1
228,233
381,406
43,47
49,59
102,125
226,305
317,362
35,37
256,263
57,70
7,9
113,153
174,188
286,328
188,249
48,52
71,90
166,212
64,88
243,504
36,45
29,36
176,202
54,93
224,270
361,390
5,7
18,18
75,78
107,115
49,53
4,5
524,601
5,7
64,125
9,10
365,543
59,64
253,328
196,240
100,136
39,53
198,255
385,457
41,51
435,481
95,108
227,234
54,60
49,76
68,73
32,32
366,691
19,19
438,516
241,428
3,3
41,52
8,10
22,23
71,90
212,285
610,638
3,4
193,211
30,35
462,483
147,163
26,29
11,15
115,115
253,291
7,10
147,154
135,149
443,750
87,88
391,585
92,113
179,196
72,74
53,55
139,190
2,4
57,86
129,140
155,171
597,627
263,297
246,426
6,7
386,421
31,37
756,810
119,124
97,122
158,174
121,166
489,569
3,3
69,79
85,94
362,416
31,35
195,199
127,182
181,281
66,80
136,160
77,102
8,8
273,340
24,26
431,450
229,331
42,43
188,242
111,142
6,8
34,44
158,246
110,165
148,153
24,32
423,468
162,174
142,184
6,7
5,6
2,2
22,22
506,556
78,82
71,78
380,385
3,3
32,34
280,300
43,46
10,10
9,9
147,169
227,315
629,638
49,52
165,205
10,11
82,106
642,671
11,13
1,1
165,204
408,684
151,196
251,305
699,805
24,24
255,297
2,2
134,146
156,192
342,368
153,209
307,468
18,37
31,33
106,114
240,289
294,399
2,2
299,381
50,59
5,5
210,382
225,258
95,113
6,8
183,322
161,234
289,317
96,228
4,4
9,12
103,156
86,88
358,362
263,367
10,14
157,183
150,188
212,215
143,222
276,407
137,180
700,785
138,145
104,140
114,118
18,33
55,57
54,78
205,375
575,584
294,301
166,243
245,265
467,552
4,5
2,7
42,45
150,166
7,8
168,195
174,186
55,61
10,10
56,73
196,263
9,14
762,826
4,6
201,205
175,237
257,276
59,70
241,249
233,302
60,64
66,68
353,425
40,40
1,1
53,62
394,406
233,318
141,148
320,365
93,99
356,536
27,38
255,376
356,406
257,345
56,84
135,166
219,249
61,68
99,126
20,20
205,237
73,88
60,82
23,25
130,175
26,35
80,106
144,185
124,179
193,255
72,99
91,99
229,234
47,50
130,136
22,24
139,154
85,93
5,6
52,65
10,10
252,360
276,381
11,11
102,145
398,432
11,13
158,161
139,166
49,55
135,167
242,425
155,218
129,178
76,79
604,624
98,104
178,190
190,220
198,212
14,15
459,468
18,18
245,273
38,75
223,283
320,393
181,238
210,228
40,45
21,25
119,123
22,25
116,136
719,824
8,10
60,64
338,472
139,172
391,423
210,279
271,451
159,224
10,10
96,112
15,15
176,190
66,114
2,2
5,5
141,161
46,58
76,109
167,264
6,6
81,136
123,134
104,136
111,137
171,230
200,210
323,371
98,114
451,646
156,183
302,324
356,419
308,318
222,303
50,81
2,4
105,161
262,318
110,135
3,3
244,255
18,20
250,315
84,90
213,292
38,38
65,71
104,126
31,32
15,15
79,85
1,2
17,18
5,8
19,19
5,6
104,149
745,839
14,17
80,87
7,10
28,29
104,119
211,316
114,148
134,138
187,264
23,29
73,76
142,160
130,164
93,138
81,96
30,32
162,227
1,1
138,144
31,39
55,59
109,112
19,23
253,308
2,2
69,70
6,7
71,71
53,64
23,30
118,126
9,32
4,9
267,325
146,171
332,341
139,143
3,4
208,260
96,143
579,620
68,74
165,183
79,98
489,507
184,266
481,493
6,7
551,583
218,225
7,7
150,176
26,26
284,325
2,4
143,159
2,2
206,330
659,692
126,140
16,17
20,22
221,317
317,332
256,502
202,227
16,18
72,75
154,210
126,153
151,181
225,258
43,46
209,260
25,25
7,7
87,97
5,8
358,402
134,176
143,188
88,127
260,310
97,134
116,183
73,74
333,353
200,278
628,654
27,27
16,17
136,190
76,98
0,3
303,319
75,79
467,555
30,63
113,130
9,9
5,5
21,22
265,413
197,219
231,362
277,288
163,181
1,1
74,92
249,262
296,330
252,382
121,143
201,253
465,471
3,3
107,113
5,10
80,93
4,6
279,432
115,149
279,330
23,28
192,290
131,178
142,220
141,151
287,378
167,208
79,83
80,118
142,144
670,699
331,351
605,641
244,391
348,585
79,85
7,9
135,182
34,36
4,4
94,100
164,191
388,585
300,337
261,272
180,236
108,115
9,10
177,188
148,171
216,229
439,514
247,343
218,298
2,3
1,1
57,65
311,316
5,5
229,314
284,335
137,154
10,11
239,449
72,111
306,332
46,70
215,424
305,543
241,327
17,25
226,404
329,353
223,322
367,381
787,884
292,338
232,288
41,51
6,8
70,87
121,151
12,15
474,489
234,496
30,30
44,49
239,294
20,22
45,71
6,7
621,738
10,10
159,268
9,10
145,180
78,84
188,197
104,123
45,45
5,7
111,153
197,223
3,3
7,9
163,275
1,2
94,101
292,321
113,145
275,468
211,237
170,197
349,354
160,182
49,61
110,123
179,228
196,436
7,14
213,228
10,11
92,109
167,201
150,275
170,253
6,6
34,45
794,884
229,323
209,309
179,270
238,310
246,378
130,201
125,136
6,7
228,292
223,238
311,327
29,40
195,269
85,96
261,348
18,21
124,186
10,10
6,7
134,149
235,253
181,313
154,190
56,70
159,233
6,7
115,150
527,579
260,310
166,169
142,169
28,38
83,116
12,13
161,190
0,2
265,313
156,225
39,41
137,155
223,428
351,586
211,230
4,4
103,127
24,37
7,13
375,386
206,217
6,6
41,54
272,281
595,642
150,169
183,196
368,395
564,652
135,159
101,203
37,37
511,607
192,222
29,40
293,343
4,8
463,541
21,24
11,16
9,14
172,223
20,20
248,268
118,185
291,358
125,155
71,85
184,214
3,4
333,343
5,8
7,7
410,438
7,7
293,385
539,563
230,272
95,99
188,238
127,199
132,140
118,130
134,172
114,122
155,193
126,134
361,481
362,562
20,23
221,264
330,393
49,52
169,181
155,195
39,79
158,179
16,23
143,212
207,228
191,206
286,365
46,57
221,326
218,268
76,81
726,831
6,7
24,25
107,112
24,26
40,41
7,7
123,134
7,9
127,145
364,443
83,95
126,167
252,518
99,108
115,139
119,154
184,195
119,176
457,539
61,64
40,60
64,80
127,196
347,587
105,118
2,2
108,151
42,49
74,86
29,31
9,13
8,10
183,269
168,226
232,339
484,578
175,202
13,14
86,112
13,13
28,31
63,65
2,2
75,83
202,369
107,178
88,113
112,147
4,4
356,406
230,472
202,291
14,15
30,32
9,18
9,10
26,26
380,555
270,281
463,481
7,10
467,516
76,80
68,100
0,1
10,11
118,154
128,219
296,358
53,57
242,293
39,49
32,41
443,461
8,10
387,399
25,30
51,91
402,481
247,302
80,113
7,12
158,181
191,212
263,371
435,670
1,1
31,42
750,867
252,339
404,560
228,375
364,615
376,384
299,397
4,4
1,1
132,168
95,114
241,267
3,3
179,190
55,69
25,25
124,137
141,142
41,52
110,145
179,210
6,8
132,172
110,150
2,2
140,144
315,470
16,16
8,8
2,2
665,801
39,41
228,498
214,335
95,103
153,197
26,31
195,256
786,891
50,61
67,78
49,57
169,217
95,114
4,5
11,12
31,31
665,747
54,58
164,177
115,120
231,260
1,1
7,7
565,632
395,470
8,9
78,78
452,487
47,52
33,41
347,356
22,27
164,171
87,123
167,198
149,222
6,17
17,25
218,228
240,254
142,263
150,201
44,46
334,447
110,144
285,327
209,331
10,10
66,86
173,221
109,124
331,349
18,23
112,162
234,246
8,9
1,2
296,338
279,404
126,151
19,22
41,66
10,11
4,5
251,323
88,88
127,197
441,714
64,85
9,9
76,82
6,8
66,107
144,166
140,143
165,196
25,42
47,51
36,36
148,208
224,274
137,175
369,595
515,597
65,82
436,447
5,6
58,75
69,73
194,210
18,21
252,287
116,142
159,202
245,283
356,547
219,230
99,106
13,15
227,337
540,596
168,176
99,145
47,51
40,49
152,236
20,22
22,25
159,193
243,268
64,66
369,445
656,810
328,360
153,182
29,41
123,230
187,276
59,74
109,119
100,117
236,307
255,298
172,181
238,411
50,68
261,375
8,9
79,83
440,449
404,678
1,1
169,192
317,455
9,10
440,470
302,371
46,82
32,32
483,554
300,449
8,14
244,305
96,130
100,184
94,134
1,4
167,236
119,148
132,165
719,822
144,194
18,23
114,201
60,68
5,5
269,389
2,2
6,10
24,25
153,189
282,310
412,463
354,412
3,4
384,487
440,505
47,58
7,8
231,291
133,148
348,384
256,300
179,267
3,4
14,21
177,262
22,26
314,476
689,737
270,590
100,112
243,280
144,147
85,88
532,629
102,114
166,219
50,62
7,7
4,6
175,181
232,252
61,66
60,64
8,12
214,334
170,248
245,259
94,103
110,153
140,172
29,30
53,66
45,86
332,405
192,223
51,54
19,20
262,359
82,100
38,39
276,303
107,115
11,16
164,189
96,121
40,50
224,258
41,41
89,90
162,187
232,306
4,4
40,44
366,642
156,303
64,69
77,83
217,244
275,431
199,283
87,103
38,39
64,78
502,651
313,367
19,20
709,820
114,151
179,224
106,130
36,51
26,29
147,151
239,362
620,703
225,306
333,400
109,138
23,29
35,47
103,105
224,337
14,17
150,177
122,139
14,14
52,70
170,192
387,404
1,1
106,126
318,499
31,37
236,271
111,162
18,19
30,35
45,54
158,165
142,171
418,488
86,89
242,254
488,508
198,272
4,9
260,375
0,1
202,229
139,161
119,150
187,253
25,29
190,211
92,96
540,553
116,135
683,692
31,45
11,11
421,461
112,121
73,87
122,127
203,272
202,235
8,11
71,75
236,286
88,147
44,52
39,39
426,558
59,86
311,344
147,192
202,317
63,71
13,13
10,10
488,582
602,623
121,161
39,46
286,336
9,10
15,18
13,13
30,31
37,50
58,81
3,4
128,153
224,229
126,198
238,288
70,74
122,125
121,136
29,32
446,460
6,9
15,15
15,16
3,3
151,214
57,65
83,97
90,94
354,402
112,124
179,205
46,52
171,199
126,131
83,96
102,184
11,12
92,171
677,779
253,312
45,50
176,258
118,191
218,306
79,114
121,126
85,108
41,48
207,227
193,198
68,79
95,220
78,130
115,157
177,310
91,99
61,69
23,24
120,132
33,43
14,14
112,157
53,69
90,93
56,67
87,87
8,8
21,21
112,153
84,116
108,111
4,6
34,50
51,53
3,4
71,88
88,107
523,532
9,14
775,869
211,326
261,615
61,64
2,3
247,345
36,39
382,614
141,178
85,92
77,91
6,8
125,139
10,11
24,26
19,23
19,19
15,17
28,37
222,476
3,3
13,14
294,332
257,402
22,24
6,8
17,20
63,71
277,404
260,295
250,284
123,159
36,42
208,220
255,415
15,15
101,110
104,136
5,5
28,30
68,70
77,108
73,78
124,184
110,119
91,122
26,31
8,10
80,153
6,6
174,187
84,89
423,516
7,8
330,401
346,352
360,616
116,178
47,51
143,176
2,3
88,103
196,418
19,25
98,138
59,62
224,322
39,46
22,22
145,189
199,264
298,307
7,9
2,2
59,68
52,64
68,69
120,129
98,157
245,286
391,419
140,202
184,270
304,336
3,3
84,103
13,13
189,236
207,272
25,30
215,288
183,215
156,159
41,45
120,147
3,3
228,239
256,359
64,66
53,69
176,250
327,396
41,49
126,147
24,39
194,234
328,413
142,153
109,219
18,26
102,108
2,2
7,8
320,382
132,256
292,331
68,89
27,27
114,126
306,328
12,12
90,108
110,122
330,491
53,56
4,4
164,220
99,114
8,11
20,23
253,275
95,106
4,4
83,92
2,4
57,70
3,4
4,5
17,17
244,376
225,305
15,24
387,408
47,57
175,266
125,154
57,62
286,328
102,110
11,12
9,9
77,79
191,302
8,9
133,142
5,19
111,115
2,2
26,27
31,48
30,42
23,24
634,705
255,277
135,177
71,101
74,86
204,300
284,331
101,147
43,45
262,308
142,160
150,157
249,413
225,271
329,359
3,3
202,304
193,285
218,225
539,580
64,75
376,559
260,402
347,431
108,125
214,224
5,5
286,299
114,144
155,204
103,122
171,238
180,246
80,95
49,56
465,486
21,32
82,108
3,3
2,2
774,794
76,87
351,435
138,148
4,6
331,351
4,4
137,154
1,2
442,527
5,5
210,217
417,428
36,39
171,242
185,254
7,8
9,10
211,288
5,5
25,25
197,211
201,208
384,570
146,163
100,121
15,16
42,44
67,78
391,420
412,696
697,835
266,319
142,161
36,42
110,142
281,360
6,7
638,687
390,398
130,155
16,19
7,12
6,12
84,141
197,250
196,329
187,354
142,208
46,48
167,194
111,120
98,125
87,143
114,171
144,167
320,464
89,99
22,22
6,9
339,564
47,53
12,13
25,30
3,3
107,109
2,2
244,390
129,147
1,1
13,15
270,312
5,5
178,189
39,49
155,161
80,93
18,31
159,184
196,332
39,40
132,179
209,257
21,26
156,208
11,11
30,31
225,251
251,291
93,108
34,36
7,7
351,368
70,90
157,203
131,144
53,66
127,131
76,101
2,2
54,70
78,105
195,237
108,119
43,50
18,23
166,182
107,111
2,2
27,28
76,95
57,65
3,3
19,19
83,86
16,22
75,95
169,173
75,112
24,25
65,75
178,197
92,122
4,4
222,231
1,1
129,161
384,408
39,56
15,16
189,194
131,186
6,8
165,226
581,638
251,322
739,846
21,26
110,130
100,142
151,241
27,48
49,70
342,427
366,416
267,301
318,407
23,25
6,6
70,87
284,489
161,226
239,341
24,28
527,589
409,456
5,7
1,1
183,247
53,59
21,21
130,135
7,10
59,66
234,353
66,93
89,117
44,52
108,140
552,640
225,394
74,83
233,365
37,43
35,40
2,2
188,194
208,232
228,303
27,30
223,420
207,222
72,90
335,398
22,22
51,65
309,386
177,238
1,3
448,750
7,9
5,8
354,408
185,208
138,168
243,318
104,116
10,11
193,207
652,724
107,180
47,49
14,14
163,248
94,104
156,204
149,231
4,4
103,174
92,118
24,24
67,75
206,220
97,108
107,126
5,8
102,124
177,211
84,92
105,119
187,256
33,44
159,165
141,194
508,515
173,226
22,34
127,168
444,462
170,224
68,71
163,183
518,596
222,292
746,796
100,117
199,226
16,18
16,21
207,243
219,346
38,42
420,471
701,754
17,30
406,455
7,10
75,102
101,104
12,13
96,122
11,12
177,287
147,155
147,184
205,266
99,122
70,76
21,24
40,45
224,390
123,157
331,609
47,58
172,176
434,565
3,3
211,226
11,16
368,565
68,77
112,131
112,118
648,673
116,181
22,23
125,170
50,66
22,25
105,115
10,11
57,67
415,456
514,559
73,84
228,283
288,321
82,108
259,316
200,240
273,500
17,21
33,44
276,288
232,276
44,45
343,354
134,154
70,97
18,18
716,823
84,94
811,941
153,179
47,63
85,131
124,138
5,11
110,147
43,48
234,333
226,389
245,373
58,86
103,129
175,192
158,171
132,190
231,343
184,408
619,730
50,59
223,236
3,3
17,24
28,29
209,300
182,184
144,147
474,515
509,544
203,317
4,4
5,5
21,21
103,115
430,441
207,221
72,86
53,56
6,6
277,444
62,72
198,255
5,5
860,967
16,31
101,107
20,20
24,28
8,11
9,9
14,15
148,203
125,162
421,457
149,241
283,411
5,5
125,185
84,97
114,126
7,7
10,15
225,235
156,173
11,24
51,52
706,837
104,112
107,155
780,863
49,63
64,136
220,238
42,54
296,459
24,29
118,150
7,7
52,62
2,2
321,485
167,207
6,11
2,2
132,133
100,151
151,214
86,118
8,13
101,102
195,236
579,596
149,176
65,103
145,171
351,567
123,148
65,75
39,48
254,379
149,170
30,43
246,285
83,87
45,47
19,35
76,77
205,313
389,397
266,483
240,272
169,232
247,423
208,249
438,494
91,92
129,141
168,204
97,102
4,7
410,469
269,315
6,6
22,23
20,22
11,13
8,9
97,126
47,54
250,273
142,161
276,348
15,19
138,182
40,43
206,320
393,401
664,691
136,165
136,159
18,28
176,246
31,33
103,105
345,410
73,118
73,75
391,448
19,21
240,251
24,31
170,175
350,370
429,455
290,517
12,18
3,5
9,18
403,471
90,111
8,9
299,482
99,122
139,214
155,170
12,12
64,97
369,467
2,2
6,6
80,108
258,445
697,794
144,150
24,24
70,110
155,204
4,5
112,135
142,263
126,187
186,205
95,149
177,215
115,142
4,6
85,162
54,72
406,491
11,20
133,183
55,65
14,17
7,8
160,209
51,75
142,196
64,68
402,431
62,63
82,87
75,81
62,72
235,350
116,136
86,95
9,9
378,385
240,343
184,262
99,131
150,217
53,79
11,11
37,43
78,86
158,237
255,446
9,12
274,336
335,500
64,93
678,798
63,64
10,11
146,148
88,125
266,282
118,131
86,101
49,49
10,14
222,275
77,82
67,80
8,10
465,537
392,424
87,118
337,381
42,43
139,198
416,492
125,135
19,20
172,175
217,311
162,167
141,162
384,439
280,382
253,283
208,248
56,66
605,634
78,82
262,263
174,201
158,299
19,20
134,175
124,131
13,13
225,236
363,365
36,38
329,532
165,211
97,100
415,440
107,169
125,137
121,134
281,309
7,12
150,188
100,103
375,406
8,8
176,201
84,91
220,239
282,449
220,316
2,5
139,195
70,80
226,390
22,23
51,68
158,163
162,185
12,15
70,77
35,36
7,7
28,28
182,261
279,306
0,1
218,259
251,288
48,62
130,142
104,132
640,672
48,55
15,18
153,229
249,369
183,233
17,27
349,603
159,198
7,7
6,9
39,39
81,85
138,177
515,590
156,202
292,512
48,51
40,43
30,37
109,111
351,374
45,48
24,33
238,394
90,124
104,104
150,163
187,215
85,104
16,21
146,203
248,328
230,300
74,87
80,85
5,8
119,170
25,29
324,488
82,129
123,202
35,41
3,5
159,242
39,39
116,154
43,49
255,365
27,37
28,29
186,195
279,385
24,24
462,480
133,156
2,2
66,85
275,282
125,175
76,84
99,108
146,231
257,564
316,672
66,74
388,469
5,6
6,6
77,83
126,135
16,27
226,274
152,190
20,21
398,406
101,112
379,635
204,235
267,406
141,204
93,93
363,383
7,8
231,350
95,107
47,51
143,165
296,304
346,350
9,9
195,279
28,28
44,44
24,39
1,3
77,79
11,15
139,171
26,32
1,4
169,226
259,391
6,6
242,267
269,570
2,2
137,171
258,451
270,277
1,2
355,372
399,602
105,116
1,1
111,155
190,207
146,180
14,22
103,114
346,628
175,273
216,313
6,7
191,245
57,69
121,133
103,106
4,4
264,313
52,55
96,121
8,8
134,151
2,2
2,3
310,324
48,53
323,353
5,5
479,538
215,228
224,359
86,98
20,23
4,4
323,365
35,36
456,520
437,456
126,153
266,272
3,3
143,187
105,127
613,702
346,370
5,5
248,335
138,181
399,425
6,6
180,208
98,137
2,2
107,113
186,256
371,609
280,394
142,191
314,319
49,53
118,173
6,7
2,2
4,5
87,88
95,123
240,328
122,158
14,17
51,52
23,43
305,343
7,8
400,414
21,22
214,240
21,26
139,153
62,75
22,24
78,93
647,683
75,93
418,447
61,79
211,273
403,491
72,113
7,7
90,125
202,270
241,340
89,129
314,554
35,37
162,221
26,34
24,26
112,151
8,9
3,5
288,375
692,817
50,55
349,516
4,5
30,31
163,331
8,10
67,84
18,18
2,2
38,45
463,549
32,33
1,1
33,43
11,11
207,308
234,251
5,5
31,35
190,217
442,486
117,126
71,82
80,96
155,191
152,180
200,269
154,194
42,44
112,129
8,12
146,215
292,336
8,14
186,209
57,77
355,427
230,388
112,118
243,501
204,239
76,87
592,683
141,165
110,118
29,32
310,332
203,255
230,293
26,30
103,149
318,402
390,585
282,449
43,46
114,140
164,218
134,158
49,67
138,177
115,119
372,591
179,256
428,453
51,55
546,569
422,438
51,52
131,189
252,299
3,3
107,118
54,54
53,68
696,723
182,229
259,332
25,28
74,93
193,317
60,66
269,341
219,245
648,732
704,795
258,282
172,180
109,120
54,57
40,52
542,565
155,159
13,25
19,23
6,6
131,167
218,334
13,18
228,380
93,133
38,40
1,4
20,31
151,225
120,157
154,251
193,240
295,479
60,67
679,790
188,295
47,52
76,82
1,3
145,262
90,99
350,359
10,15
48,50
105,120
232,380
733,811
125,163
24,24
68,76
6,6
170,229
225,325
107,137
294,337
4,4
24,27
16,16
67,68
241,274
120,121
81,150
730,843
8,10
97,113
185,218
72,72
216,387
334,337
313,380
183,261
640,744
162,168
475,539
288,309
224,361
25,35
3,3
10,10
18,31
174,218
467,533
209,391
130,138
28,33
21,27
271,430
41,76
165,223
139,162
276,463
305,311
4,6
577,644
108,122
6,6
19,19
14,17
447,584
55,59
55,78
7,7
24,25
53,65
335,342
119,138
27,30
411,446
413,483
5,6
200,313
99,115
55,68
12,16
348,387
6,6
23,41
117,148
60,84
11,14
115,163
262,301
163,217
85,107
385,470
135,151
420,724
35,36
11,14
151,197
23,26
135,179
244,287
54,75
220,276
327,446
189,218
6,8
72,94
744,853
260,316
10,12
532,625
56,82
274,309
158,181
127,150
74,75
209,221
139,144
25,30
186,209
103,136
9,16
48,52
5,8
464,517
56,72
419,649
25,26
79,97
61,64
47,63
215,257
168,229
126,167
53,64
251,307
350,474
3,6
22,26
205,219
30,32
192,230
119,123
47,47
90,116
67,70
279,463
553,625
1,1
84,84
486,576
102,109
51,59
170,223
6,9
54,62
124,139
1,2
39,43
284,377
14,16
50,56
7,9
33,52
5,6
256,377
414,454
142,219
3,8
88,106
81,100
5,5
207,299
201,282
102,125
172,228
30,34
12,15
93,168
200,353
88,105
188,265
4,4
19,20
31,33
48,53
172,247
54,62
28,31
20,37
9,11
269,354
80,95
247,283
146,165
7,7
4,5
13,16
271,330
145,155
285,322
363,607
23,23
127,148
580,601
321,338
70,92
53,72
4,5
6,7
137,170
179,185
41,41
121,165
164,167
56,65
146,186
109,158
2,2
13,16
48,51
173,220
143,313
90,146
419,499
218,292
4,4
68,87
8,8
10,18
287,478
83,88
9,11
368,385
177,358
163,186
16,16
103,112
32,34
183,226
82,87
176,205
14,19
27,40
6,6
138,188
37,52
169,224
107,114
505,525
106,133
53,60
38,47
226,278
152,217
413,430
216,266
169,191
151,161
28,31
232,278
216,362
21,23
224,359
170,246
2,3
103,149
376,446
152,160
646,659
284,299
133,150
65,87
45,54
180,246
2,3
55,69
115,127
160,194
97,123
24,25
48,66
157,190
7,8
61,71
11,16
100,136
138,180
95,116
75,111
214,367
6,7
7,11
17,17
155,238
130,136
122,169
48,52
305,355
138,174
3,3
162,187
236,292
128,141
264,390
342,659
354,377
91,127
514,530
49,56
162,173
106,250
10,13
83,140
176,363
19,20
5,9
298,502
53,59
44,59
367,387
2,2
8,10
202,270
434,707
19,26
86,114
14,18
123,152
70,91
31,34
4,4
634,752
20,32
6,7
62,69
235,258
190,337
139,169
5,5
56,78
4,4
769,873
178,205
28,28
598,649
85,115
99,102
2,2
28,28
86,102
15,16
200,223
64,64
255,432
307,489
5,7
623,712
245,322
312,423
136,191
90,94
143,149
642,782
297,308
5,5
44,55
132,136
82,106
104,243
86,103
106,123
43,50
31,32
90,93
124,154
332,546
334,413
25,27
58,75
6,9
16,17
40,50
398,459
101,129
62,68
35,37
8,8
132,153
154,161
242,255
307,424
170,218
4,4
4,6
107,110
81,137
151,165
161,181
44,59
335,528
495,502
29,40
101,105
144,175
2,3
278,428
159,178
169,216
145,184
335,360
4,5
302,344
181,310
41,43
156,218
132,170
325,547
175,180
190,248
56,68
272,323
81,94
61,62
241,369
43,47
101,106
202,333
567,628
2,2
624,679
139,162
11,12
296,385
228,386
22,22
242,316
141,155
53,56
200,214
52,53
100,108
55,76
155,171
213,235
6,7
192,338
218,360
308,348
226,347
43,45
6,11
30,35
5,5
196,267
7,14
54,64
73,92
123,216
300,381
432,476
184,192
242,253
197,279
715,800
12,12
208,252
16,18
69,78
22,22
12,12
303,356
285,335
195,228
677,822
11,15
162,182
280,479
201,371
219,241
349,369
11,21
33,45
33,35
421,425
43,50
81,103
60,75
3,3
162,167
78,98
153,226
176,355
344,382
133,140
206,233
133,167
151,152
6,6
49,60
170,240
6,6
1,1
149,154
276,316
4,4
2,2
102,113
149,213
3,3
54,70
399,458
145,201
138,161
17,28
207,237
447,474
85,106
59,62
21,31
262,281
10,13
27,39
70,90
282,440
265,342
140,174
247,369
272,306
14,14
278,305
291,301
208,309
9,9
505,568
292,302
88,90
103,121
189,219
122,166
41,47
185,208
226,282
29,33
10,14
284,353
5,11
2,2
531,640
246,274
12,20
459,483
22,29
22,28
63,72
92,102
122,157
54,57
11,11
311,322
289,308
168,185
22,27
243,455
9,10
236,346
3,3
95,115
377,408
325,378
65,76
6,6
30,32
48,51
84,93
5,6
132,163
79,94
103,143
144,226
181,226
134,139
34,36
129,139
50,60
132,136
40,54
121,154
63,78
8,11
155,264
14,17
3,3
164,220
92,103
306,372
261,300
36,47
209,221
195,435
135,139
26,28
29,30
12,16
12,12
185,230
1,1
203,280
130,154
55,79
113,137
88,142
371,392
256,338
408,459
314,505
3,12
566,642
11,12
185,289
30,34
128,194
233,244
243,321
23,25
488,617
53,77
16,23
265,333
10,11
551,646
10,11
104,127
122,177
14,14
106,112
551,576
2,2
118,174
3,4
302,319
29,41
29,34
258,319
3,3
93,120
2,2
486,522
252,360
0,1
177,304
236,441
12,18
157,165
265,299
3,4
157,195
180,226
221,374
23,38
188,218
119,163
56,75
12,12
444,471
82,103
95,130
186,211
98,105
98,111
56,58
433,489
137,187
338,363
95,107
5,5
126,129
366,436
231,266
130,172
175,181
337,453
55,90
361,623
125,138
50,54
20,26
166,188
3,5
14,20
64,98
655,761
625,646
14,21
219,223
45,72
339,492
225,394
171,198
523,643
161,175
106,143
164,191
87,88
26,26
49,52
94,104
23,33
371,465
197,283
201,205
121,126
240,276
5,5
425,456
167,206
108,179
5,6
19,26
157,207
30,35
8,10
360,635
449,464
523,553
433,508
15,15
2,2
472,557
225,300
395,416
238,323
3,5
568,588
15,15
3,4
122,205
258,420
341,569
163,198
5,6
155,181
176,214
274,539
358,460
449,539
75,87
37,49
375,475
65,74
9,11
6,6
6,7
68,126
29,39
34,37
15,23
29,30
85,94
1,1
99,125
148,195
111,151
309,499
1,1
98,153
168,321
22,29
90,98
71,84
3,3
115,161
128,135
296,499
9,10
149,168
241,310
195,324
462,563
266,312
141,267
119,147
107,110
82,102
30,35
77,82
125,152
3,3
274,287
190,275
2,2
405,433
156,178
95,124
5,8
13,17
283,296
130,139
446,663
3,3
55,58
12,17
9,11
196,259
189,212
348,608
141,177
32,32
234,273
493,556
11,16
96,115
85,106
262,371
517,595
147,149
166,183
31,31
184,190
514,534
473,484
135,151
6,15
154,172
34,35
23,23
72,88
14,17
59,78
4,7
3,4
14,16
17,34
70,99
445,524
6,6
131,150
17,29
11,11
142,205
93,96
44,44
249,274
16,17
688,782
73,83
66,95
214,258
71,84
478,530
83,94
112,120
156,173
5,8
16,20
21,31
105,133
41,55
132,148
187,219
187,374
470,483
264,443
186,224
202,222
447,467
186,263
207,236
333,340
2,4
218,359
149,186
29,32
44,48
230,307
496,582
24,26
134,141
10,17
255,318
50,71
125,154
388,647
4,4
389,398
118,137
105,138
380,432
409,427
128,152
4,5
36,39
34,34
93,118
111,153
787,844
51,60
255,313
43,50
437,463
248,264
66,77
767,838
212,246
84,94
228,414
149,201
113,135
8,8
40,42
316,323
660,713
198,205
38,45
65,92
133,155
257,277
132,156
109,150
217,275
180,218
31,40
52,56
317,326
58,62
75,90
79,100
171,206
328,373
162,196
138,166
393,415
64,71
281,449
37,48
205,281
6,7
159,239
5,6
341,539
61,79
306,448
3,5
189,208
133,173
500,526
27,27
156,168
103,108
3,7
71,89
52,52
146,200
2,3
45,61
227,253
312,357
72,79
2,2
23,26
9,14
411,418
196,244
5,5
128,136
112,123
181,194
214,299
194,201
2,2
92,113
84,116
436,445
50,58
64,87
212,284
103,127
319,347
81,96
79,85
222,267
74,93
302,392
127,147
3,4
81,88
131,167
15,15
150,222
22,22
172,225
6,7
4,8
173,180
174,205
90,113
278,434
377,417
95,102
436,504
254,399
416,497
25,26
9,24
164,232
66,91
186,238
3,4
4,8
50,57
10,12
79,86
347,404
95,144
32,32
140,278
374,431
99,118
24,27
179,182
273,284
190,359
85,101
4,5
1,1
6,6
8,12
240,328
112,147
169,200
298,314
2,2
40,47
54,63
142,179
203,293
141,168
118,126
219,365
208,250
99,167
21,22
111,157
126,193
228,367
130,181
5,5
15,17
19,27
409,428
365,380
10,10
210,229
317,381
142,180
25,28
313,347
58,73
739,825
89,103
188,209
670,766
198,209
315,324
33,42
4,6
245,282
119,136
12,17
169,194
151,230
30,38
12,16
6,7
20,22
155,163
116,136
4,4
225,250
46,46
325,370
44,51
9,10
60,71
80,80
96,123
184,198
742,827
131,140
6,6
70,71
85,90
8,13
8,13
184,275
204,210
240,276
153,170
483,579
108,145
21,22
101,116
1,1
38,41
26,33
374,541
15,17
401,409
234,352
669,755
85,111
41,104
106,139
13,17
22,26
370,589
6,8
102,131
239,341
7,8
235,289
25,38
30,43
586,617
543,618
11,11
469,518
9,9
166,220
26,26
3,3
297,368
216,244
1,1
386,479
173,276
509,570
4,5
88,105
50,53
6,14
32,35
218,243
289,308
251,383
174,270
5,5
385,453
7,9
300,325
425,436
126,128
14,14
191,222
11,12
217,337
3,5
196,326
42,42
20,24
214,224
89,116
18,27
162,218
165,204
178,209
559,580
111,164
71,85
165,172
219,222
333,423
8,8
221,435
266,296
53,63
307,576
123,138
186,267
93,164
216,278
69,78
735,812
25,29
252,271
143,226
0,2
53,72
486,502
22,22
262,407
108,120
277,286
131,138
291,320
4,4
3,4
273,492
183,308
120,129
327,491
15,16
130,133
8,13
5,6
227,376
53,55
372,400
33,44
191,217
55,84
2,2
54,66
223,300
486,538
3,6
290,447
29,33
4,8
48,51
5,5
58,61
3,3
229,246
88,93
368,457
5,5
128,134
150,203
206,404
169,181
116,124
7,7
9,14
187,205
126,133
28,30
3,3
75,99
133,174
9,9
210,296
117,129
253,398
292,535
27,29
9,9
5,6
270,420
2,2
202,222
95,148
301,408
4,6
5,5
11,13
172,281
103,135
238,363
136,163
180,220
1,1
139,175
107,153
135,145
7,21
242,341
10,20
133,185
112,131
13,15
35,41
178,349
24,25
222,280
201,317
25,28
229,485
417,516
69,93
493,588
3,3
8,8
96,113
44,46
189,201
115,128
113,145
356,521
129,144
115,141
240,264
61,78
279,411
211,242
72,75
53,72
206,324
611,664
372,488
29,42
37,55
258,270
150,178
100,106
12,14
8,8
178,190
322,422
10,12
8,8
445,498
336,376
228,288
22,26
268,336
151,156
115,134
4,4
117,151
357,648
68,83
174,201
20,25
216,266
17,19
216,253
9,10
203,224
253,414
531,547
243,256
62,72
329,398
453,518
14,17
17,22
327,338
4,6
73,114
11,11
61,71
2,2
41,50
329,373
80,107
73,90
746,779
242,272
251,372
139,167
462,531
139,204
74,78
150,163
268,314
324,433
222,225
3,6
202,260
16,16
87,109
253,331
222,342
93,176
144,220
186,197
229,244
125,217
7,7
2,2
226,231
221,291
18,24
180,217
127,160
59,66
31,43
23,34
78,84
187,287
8,10
5,5
12,12
19,21
6,6
161,196
300,425
9,10
398,459
79,112
298,306
181,232
5,5
19,27
9,9
146,176
236,286
53,78
424,452
117,123
9,10
220,269
91,93
6,14
16,30
381,398
12,14
347,434
26,34
91,124
67,72
220,227
63,90
1,1
97,109
26,32
76,101
202,343
128,162
32,37
6,6
318,456
217,265
362,388
105,124
209,251
147,187
21,28
33,38
3,3
112,130
223,273
483,655
158,179
61,65
380,428
48,55
135,157
43,52
4,6
59,64
69,75
184,198
276,286
218,238
300,374
151,157
114,123
154,207
7,18
368,556
106,134
193,379
11,16
356,450
381,449
3,5
36,38
497,508
145,191
301,528
114,159
186,220
88,127
449,511
191,252
24,24
212,306
563,590
338,346
5,14
8,8
59,64
7,8
255,315
6,11
62,65
20,20
68,68
124,154
19,20
9,9
680,729
350,546
213,293
15,17
146,198
78,84
511,555
5,5
168,258
72,89
188,270
127,223
138,145
118,118
186,235
303,318
181,260
149,182
167,185
146,272
303,317
272,393
5,6
6,10
293,321
320,347
4,4
16,18
193,289
22,25
35,35
445,494
16,16
149,218
149,174
640,666
161,251
253,259
225,334
6,8
96,98
502,552
176,237
109,113
81,83
1,1
235,283
55,69
23,29
94,98
169,207
143,206
13,21
50,59
10,15
176,204
193,232
93,96
193,205
131,139
30,40
155,218
179,218
326,353
6,7
263,332
116,143
349,408
426,437
111,138
222,250
495,531
59,66
34,37
580,632
182,232
219,393
154,155
159,216
348,423
71,90
108,142
256,315
241,280
187,259
163,179
4,9
1,1
199,254
130,158
94,99
10,12
95,146
563,579
517,596
324,342
378,385
163,233
147,158
95,105
174,224
261,383
163,197
167,238
137,169
14,20
136,172
2,2
4,5
287,304
576,605
261,319
148,179
115,123
664,732
191,311
65,89
40,44
83,96
189,331
202,228
221,261
22,32
48,64
773,798
94,138
57,57
62,71
76,79
11,12
110,154
177,208
157,186
180,275
64,75
23,26
54,70
191,225
68,109
143,148
102,113
78,106
2,2
206,209
39,46
38,54
9,10
289,350
78,102
24,30
514,526
4,5
375,640
14,16
151,154
45,62
471,482
128,177
194,216
138,192
5,5
7,9
5,5
22,27
32,37
549,611
117,144
11,13
120,163
15,18
142,171
2,5
239,278
83,85
101,104
106,159
292,322
126,145
7,16
414,464
87,92
59,77
301,330
80,80
250,324
555,608
5,11
22,26
25,29
489,509
712,772
107,151
170,175
114,135
116,141
306,418
206,354
133,137
258,317
143,164
9,9
184,259
59,80
254,437
29,37
2,2
426,481
8,10
24,29
97,103
136,167
143,241
151,231
2,3
241,291
9,10
532,604
66,83
170,237
197,256
57,64
4,4
758,853
25,28
253,346
5,5
85,118
329,390
742,900
7,7
60,87
16,24
150,175
248,339
277,365
175,200
151,211
60,65
38,41
106,112
94,147
303,321
154,199
13,13
152,189
287,302
10,10
5,9
185,204
333,344
594,674
140,154
148,164
242,305
3,3
250,303
88,89
88,111
116,130
60,70
178,188
177,184
71,92
120,211
115,175
15,16
133,152
287,300
88,96
4,4
209,258
294,459
278,356
242,256
101,117
12,12
213,228
96,125
159,310
397,442
1,1
238,298
50,59
159,192
17,17
156,190
353,380
397,432
203,332
267,504
200,244
2,5
179,236
8,10
268,456
21,37
26,26
219,361
531,552
38,45
345,452
5,7
146,202
127,130
120,136
49,51
234,267
47,49
22,38
239,370
380,492
268,357
232,383
176,199
161,185
270,377
150,227
39,54
298,349
37,37
114,280
156,170
13,14
159,178
48,49
98,103
108,112
72,79
182,248
170,268
101,121
65,69
192,260
40,44
121,149
6,7
40,46
50,70
246,293
2,2
233,274
379,399
224,308
66,90
301,374
71,75
64,73
229,249
208,457
170,237
132,135
9,11
181,214
1,1
591,618
203,308
110,119
166,181
129,173
155,168
139,172
105,110
31,33
72,76
137,244
7,8
239,286
63,87
136,154
64,71
505,520
130,182
29,38
7,15
34,36
6,6
4,5
4,4
41,42
2,2
39,39
208,246
163,237
111,163
4,4
332,361
5,8
267,328
158,173
129,162
4,4
125,174
199,234
236,367
141,181
138,191
208,221
128,190
195,205
37,42
282,301
16,16
18,35
72,121
94,132
300,369
59,68
164,248
63,73
4,4
144,162
314,436
92,147
155,164
264,373
147,167
69,71
192,322
27,28
31,42
15,17
31,33
143,158
227,294
71,84
207,299
30,32
73,115
3,3
221,397
2,2
28,29
90,120
142,154
23,26
318,346
55,74
277,341
13,16
212,224
34,45
217,241
7,8
564,583
3,6
6,6
262,379
22,28
93,101
28,29
349,357
3,5
116,120
230,341
38,43
170,213
275,306
264,333
3,5
3,3
118,120
58,78
223,251
453,532
138,145
152,171
83,115
3,3
18,18
222,288
54,56
10,13
30,52
17,23
159,169
13,13
284,320
391,400
170,203
5,9
108,165
272,324
67,100
237,290
227,315
80,99
56,65
43,46
291,377
104,110
526,776
6,7
8,8
615,721
56,66
253,364
7,10
328,445
44,54
194,225
113,125
223,324
10,18
114,151
14,17
13,13
18,18
9,10
614,676
44,55
167,173
204,229
218,228
6,8
77,123
309,478
247,270
191,229
120,121
149,176
292,392
96,120
25,27
726,815
28,32
385,420
483,514
49,59
36,44
190,205
227,326
68,74
4,6
89,90
22,40
16,19
51,56
213,257
22,24
84,88
80,82
145,155
134,149
107,181
170,181
58,64
15,15
149,167
300,541
168,227
106,110
387,478
171,211
1,2
147,212
150,173
444,468
267,341
95,127
125,188
122,129
5,5
74,79
15,18
219,237
67,82
400,679
4,4
9,16
130,142
524,580
34,40
220,287
488,585
71,79
223,232
34,36
268,303
92,167
61,80
245,253
88,91
340,391
41,62
294,389
75,84
220,253
37,39
221,232
245,535
24,27
6,6
142,195
167,213
3,5
237,297
183,207
3,3
386,402
290,337
156,361
542,614
193,283
102,102
178,197
139,168
246,288
73,75
17,20
50,60
2,2
33,34
265,305
65,71
531,554
72,93
116,133
343,349
98,98
72,89
232,241
185,300
163,173
109,121
257,372
325,469
112,178
99,105
2,3
188,195
116,178
231,299
48,64
53,69
168,187
4,6
127,135
21,25
7,8
219,292
9,11
111,119
127,159
6,6
57,64
418,436
84,107
123,146
256,305
492,560
126,186
242,302
198,255
163,187
104,107
17,17
182,239
3,3
419,502
26,29
172,236
63,68
147,152
90,114
76,95
658,730
171,246
36,36
232,360
16,19
613,651
125,182
19,23
23,35
137,151
180,239
186,234
736,818
125,147
160,172
96,133
9,13
80,95
424,686
76,79
127,170
21,25
161,188
110,157
17,20
192,201
66,100
310,391
42,57
128,135
143,201
690,719
13,15
24,29
14,17
675,693
397,458
198,340
9,12
662,743
141,150
73,93
43,56
298,374
109,110
16,28
43,44
6,7
17,21
415,450
97,134
107,109
59,62
8,12
86,87
183,205
5,6
112,142
11,16
97,102
78,81
110,116
189,210
298,378
181,215
188,255
176,194
196,262
13,17
3,3
79,94
501,532
271,311
244,286
90,133
213,285
47,50
4,7
107,116
158,238
68,89
211,282
195,235
156,178
6,14
238,300
371,493
542,627
514,527
100,107
54,64
108,122
186,204
157,165
200,211
111,121
185,251
278,428
10,13
310,355
7,8
202,204
246,290
20,23
71,87
290,538
58,60
81,86
104,143
189,229
11,16
432,470
99,104
354,597
578,616
421,460
1,1
3,3
44,44
184,233
34,46
79,94
18,22
22,23
26,34
26,41
427,680
347,627
162,169
118,129
43,46
371,484
2,2
250,329
231,308
56,57
37,44
10,17
23,23
20,20
106,130
20,24
51,52
146,214
4,4
315,369
241,277
150,182
417,568
124,146
82,114
73,77
80,109
127,147
204,263
83,97
97,129
475,536
97,135
155,181
119,124
92,94
136,141
330,481
281,318
6,8
22,24
3,3
3,4
89,131
508,539
152,190
204,236
11,18
184,234
60,68
33,43
665,733
158,187
154,172
189,286
5,7
111,165
55,64
371,467
318,351
115,151
57,74
5,7
358,440
54,56
382,417
26,30
160,195
221,366
154,214
179,214
401,619
90,121
250,289
653,684
46,58
316,562
405,415
11,12
299,314
6,6
6,7
15,17
52,52
32,40
216,249
282,372
76,110
206,260
539,551
50,53
28,45
136,153
101,141
97,103
256,307
17,28
281,353
5,6
117,171
124,221
13,21
12,21
63,73
6,6
170,190
822,899
19,24
148,168
337,392
22,29
297,363
223,394
23,25
195,228
21,21
124,125
127,153
255,293
150,157
138,146
75,98
5,5
191,203
176,188
17,18
139,185
488,499
0,1
389,493
106,137
137,175
18,21
323,405
117,124
159,167
138,162
300,315
265,299
232,272
8,8
71,75
381,386
127,166
246,296
133,181
6,6
393,407
49,49
3,3
141,192
116,159
417,505
200,273
147,157
278,356
9,11
86,122
5,10
74,85
1,1
137,169
253,292
245,351
115,165
53,59
33,53
28,31
17,21
96,142
204,292
329,336
402,472
276,376
185,269
115,137
46,49
434,456
5,6
2,8
196,284
169,212
41,41
24,31
14,17
63,73
4,5
480,566
5,6
101,111
151,152
122,130
3,3
2,2
15,18
33,35
309,317
363,377
60,70
226,269
76,90
45,54
302,328
170,200
417,430
169,173
5,5
4,6
10,17
8,8
89,107
51,54
426,496
17,17
448,513
128,155
65,70
296,445
208,326
295,311
188,225
263,304
36,42
3,4
165,174
404,612
247,263
58,94
53,59
316,350
191,259
787,891
169,188
83,111
253,405
65,74
24,28
118,129
9,11
29,29
361,374
73,79
75,76
137,217
6,6
182,186
215,383
190,220
180,210
104,114
527,591
83,104
5,5
155,204
35,40
351,395
68,69
126,174
5,6
95,118
44,56
148,170
187,210
132,181
52,65
32,35
746,858
711,738
168,170
173,193
35,37
378,605
56,70
119,136
3,4
10,10
245,442
19,23
126,167
338,494
183,190
596,653
13,13
150,375
30,56
146,152
24,25
71,83
2,2
163,177
209,302
275,283
38,42
4,4
259,286
59,79
119,123
239,254
4,4
8,11
11,12
46,50
57,63
204,380
207,221
86,121
391,441
81,128
8,8
302,357
68,85
206,265
162,179
61,73
13,13
399,472
270,344
191,274
141,233
55,61
23,37
10,10
18,25
15,15
299,381
338,586
6,11
114,153
4,9
109,130
5,8
33,40
647,749
455,485
33,39
148,284
183,254
12,18
33,47
53,56
318,342
369,455
185,256
275,455
11,11
3,12
7,9
12,12
110,151
186,192
113,178
204,240
215,224
633,673
112,133
111,112
467,478
130,181
28,36
18,22
21,25
534,590
153,156
196,272
442,462
297,367
92,153
39,42
139,144
2,3
211,284
124,182
2,4
98,123
363,632
454,694
58,91
27,28
12,12
1,1
115,129
14,16
59,68
242,351
103,119
5,6
222,291
263,267
53,71
735,814
216,320
101,140
496,579
217,246
15,20
45,46
82,101
110,123
235,245
10,13
19,21
30,31
185,207
8,11
43,47
15,17
13,19
109,159
79,84
180,233
42,52
104,152
191,311
26,31
63,80
197,254
64,69
37,40
4,4
573,671
247,257
221,245
404,474
5,6
64,89
51,54
18,19
129,209
31,45
1,1
201,302
8,8
413,444
67,88
176,240
156,191
239,280
237,387
270,281
110,114
324,362
50,53
228,312
60,78
6,6
205,208
326,341
330,550
137,170
44,51
9,11
52,67
11,15
170,217
58,70
115,133
375,541
684,772
344,465
179,248
102,107
146,155
3,3
69,80
35,55
232,374
4,5
161,250
247,271
360,363
235,392
415,456
43,47
16,17
118,191
213,251
201,321
31,37
154,156
169,292
90,122
101,107
240,315
2,2
206,207
86,104
38,40
223,248
324,387
5,6
615,649
61,65
243,382
100,121
134,167
114,177
74,88
502,521
303,521
109,129
283,314
604,638
330,616
179,214
134,158
2,2
682,719
138,162
5,13
151,178
112,137
49,56
205,314
168,222
80,86
1,1
33,45
267,305
148,158
429,487
61,64
10,13
235,372
277,346
11,18
25,26
119,124
2,2
27,31
79,91
193,306
11,12
50,52
10,10
128,146
4,4
6,7
4,5
325,379
135,165
9,12
3,3
378,427
323,384
20,20
480,533
262,285
14,19
375,503
300,513
26,31
102,116
30,34
175,224
22,30
91,95
3,5
162,165
80,86
2,2
551,582
8,11
362,378
9,11
27,28
8,8
272,405
94,105
266,383
137,173
66,92
97,144
79,86
5,5
119,158
43,55
207,245
2,4
9,17
46,121
27,34
17,17
13,16
139,205
135,149
201,220
106,139
66,79
222,316
480,506
15,18
5,6
122,168
7,10
126,141
140,181
32,38
231,347
155,286
478,505
216,293
238,296
3,5
9,11
744,784
46,47
4,4
129,150
145,170
64,64
84,104
137,149
301,327
117,159
227,235
191,247
12,14
147,215
2,5
82,88
54,56
115,134
317,336
50,67
494,509
38,38
235,421
329,556
122,141
120,135
187,213
232,374
6,6
458,482
144,157
77,98
94,95
148,168
5,5
50,57
213,357
56,64
367,584
142,164
11,13
474,499
366,455
408,421
140,178
246,333
397,466
46,47
170,209
199,224
29,33
46,67
196,264
185,256
69,84
224,335
188,276
207,274
277,323
519,531
95,98
13,14
3,4
157,198
279,460
2,4
101,118
111,118
381,409
346,360
514,550
190,242
103,131
89,114
168,191
64,72
178,211
381,396
18,21
411,678
245,416
246,254
279,332
66,77
180,223
305,334
253,282
220,250
7,7
34,46
251,266
255,401
30,31
560,633
12,20
134,196
113,151
186,261
1,1
263,290
232,288
52,61
165,226
116,134
247,327
61,66
9,12
3,3
102,108
55,79
132,169
154,185
253,409
20,28
54,59
36,41
3,4
47,78
1,1
661,800
10,11
10,10
749,851
177,227
139,178
265,284
809,898
264,278
114,129
694,711
71,90
64,69
267,471
5,6
104,164
347,614
219,315
4,4
126,135
741,808
22,34
78,91
6,6
216,331
58,65
111,118
56,63
188,196
677,776
253,308
80,82
234,308
1,2
88,110
247,323
378,398
598,662
257,299
29,30
240,285
17,21
230,286
264,337
43,54
229,317
202,270
8,8
284,385
5,6
96,128
124,163
27,51
197,225
214,304
10,18
353,559
4,6
62,89
233,285
62,75
53,56
2,2
7,7
302,403
7,8
427,442
55,57
675,694
239,257
193,217
4,5
188,225
95,103
25,29
12,14
85,109
111,141
24,26
14,15
189,272
212,216
12,14
107,118
594,622
78,99
9,12
192,200
29,31
54,62
212,253
62,70
151,180
78,85
313,372
321,379
7,8
9,10
359,398
23,32
121,251
73,82
154,219
202,270
316,337
5,5
321,339
134,153
268,298
513,584
61,78
170,187
102,120
338,690
24,25
203,236
5,10
42,45
11,13
209,224
102,115
62,69
80,82
150,224
337,482
116,183
258,299
176,229
260,382
29,35
11,14
506,552
192,209
44,45
399,426
245,363
257,305
268,452
224,251
67,89
16,22
244,377
83,89
28,32
373,424
262,290
164,197
487,591
313,325
98,108
235,378
23,26
339,374
25,27
86,91
133,185
80,95
3,4
137,164
142,164
164,194
39,42
5,6
178,221
431,497
62,89
3,4
252,351
64,70
203,244
140,180
4,4
35,44
4,5
264,285
117,145
101,172
10,12
103,119
3,3
135,140
111,129
14,17
669,723
40,74
492,516
41,54
113,143
77,78
576,624
311,551
57,62
213,223
127,184
30,34
114,169
7,13
56,77
25,27
118,167
224,385
305,335
108,122
80,94
3,5
52,64
111,157
147,187
36,43
36,47
43,47
15,19
141,145
432,514
56,56
126,274
56,64
540,594
497,591
547,643
171,193
255,271
99,124
214,235
213,358
175,209
8,10
213,306
39,40
27,28
194,221
115,122
152,212
89,91
7,9
11,11
197,202
254,288
188,219
104,132
124,152
99,107
216,220
20,36
247,329
484,501
5,8
126,134
102,168
532,610
90,118
56,60
348,383
114,163
1,1
75,90
22,32
103,142
239,374
162,181
198,215
455,495
102,110
112,141
415,499
90,97
82,88
9,11
190,197
333,352
165,177
44,51
6,7
4,5
204,279
249,369
91,95
38,49
137,225
320,349
7,7
304,410
461,567
159,183
56,61
9,9
32,46
63,72
362,654
110,146
263,381
373,638
245,306
38,47
81,125
13,20
8,9
310,366
124,160
397,525
320,378
144,216
152,183
64,79
203,276
7,7
194,250
351,355
48,55
4,6
212,232
279,326
37,48
98,106
10,10
185,236
199,219
38,44
32,36
39,49
1,1
280,313
222,271
112,146
659,729
1,1
253,260
172,269
254,320
5,7
530,585
384,402
253,380
19,29
106,182
70,89
152,190
335,395
197,217
159,207
219,414
13,13
372,660
90,93
4,4
8,15
4,4
14,14
7,7
770,813
68,72
525,600
42,44
150,189
98,104
124,202
4,6
230,303
115,128
26,26
57,58
225,277
129,198
25,26
340,427
68,77
400,421
5,6
96,120
23,26
60,73
393,410
240,268
95,103
97,117
584,665
308,339
61,72
47,58
28,30
71,89
192,289
127,175
254,311
6,11
79,87
214,239
397,452
23,30
129,227
216,452
8,11
178,223
218,249
149,182
312,390
415,428
196,245
516,570
33,43
3,4
330,360
63,84
52,59
2,2
145,152
255,367
237,286
240,267
186,203
2,2
340,419
189,263
108,153
2,2
48,49
35,38
2,2
32,50
203,283
170,211
43,46
93,100
11,14
190,249
10,16
504,515
490,539
3,6
134,190
8,11
103,116
87,141
381,743
14,15
117,170
152,161
142,253
170,238
188,234
150,155
10,11
120,187
123,143
191,274
4,4
8,12
679,793
146,185
16,17
72,72
111,159
377,388
11,12
128,143
415,454
26,30
490,553
235,245
23,28
40,50
102,111
55,81
278,289
40,42
161,169
241,401
69,71
6,6
74,117
44,48
42,80
156,180
1,2
225,270
157,238
198,246
202,322
93,120
65,71
41,45
11,12
59,104
31,36
13,13
45,50
94,114
107,128
52,58
25,39
352,452
8,8
37,46
7,7
39,39
161,194
17,19
29,36
310,331
7,8
65,95
458,671
11,13
225,301
79,106
3,4
80,80
438,523
96,125
31,33
66,76
433,500
176,380
162,229
335,440
436,495
23,27
59,71
69,94
60,78
1,1
316,475
46,52
226,292
286,334
177,261
447,513
155,163
229,298
209,299
378,447
6,8
7,10
151,179
311,331
409,426
369,402
39,47
128,169
107,122
120,138
6,6
268,316
48,65
28,47
40,40
322,334
500,584
15,19
273,419
226,303
231,288
3,4
156,196
248,288
7,11
110,129
161,202
104,134
7,8
27,32
117,154
212,357
8,9
508,582
21,21
6,6
4,4
326,334
405,702
733,806
34,38
17,19
1,1
67,72
33,42
92,147
455,466
20,20
81,102
149,177
312,336
358,411
288,436
146,183
69,75
319,479
17,19
55,64
30,50
112,119
212,267
154,191
53,54
72,84
72,92
159,170
181,230
209,321
275,311
452,473
3,3
155,200
99,110
144,166
30,37
105,145
56,71
166,197
100,106
4,9
489,520
172,232
197,230
334,421
243,291
13,14
45,48
7,9
66,87
129,177
135,137
21,23
241,297
185,279
33,48
361,628
36,48
29,32
14,16
310,399
337,397
19,20
211,217
274,280
305,389
3,3
129,202
101,105
5,11
12,15
43,50
344,414
34,38
509,591
478,495
68,100
97,172
5,5
26,51
146,175
149,171
356,390
711,745
13,14
164,184
150,194
125,148
222,301
181,209
60,68
127,133
81,102
127,142
120,127
108,123
184,188
78,113
14,17
377,404
9,9
142,185
201,365
2,2
112,144
15,15
99,116
267,331
154,179
136,163
155,219
584,618
487,547
3,9
8,10
393,653
214,298
14,14
8,9
3,3
399,446
429,497
407,464
112,122
153,202
6,6
128,183
154,162
195,209
221,294
315,332
442,488
5,7
99,99
117,126
357,395
204,245
4,5
435,486
52,53
3,3
262,296
34,39
430,469
29,37
42,48
3,8
8,10
34,40
299,498
394,492
317,449
10,10
46,47
646,741
3,3
350,452
147,161
145,154
153,178
175,199
258,294
141,153
192,210
142,169
57,80
89,105
14,15
10,18
293,299
2,3
176,202
288,320
46,50
114,128
400,666
206,294
2,2
222,347
0,1
188,210
149,236
335,370
102,116
285,288
1,3
96,111
154,229
556,592
164,265
5,8
95,125
262,326
22,23
18,20
4,4
29,30
39,40
202,281
3,4
483,505
399,470
241,264
149,207
383,681
14,19
92,148
12,19
49,68
187,239
3,6
110,116
213,304
35,41
3,4
207,322
284,300
238,249
151,160
48,48
214,341
97,141
172,250
213,274
229,270
61,66
604,646
150,214
119,150
186,190
41,44
172,309
29,30
1,1
58,62
40,42
87,120
401,626
84,98
192,256
65,69
62,65
5,5
126,157
14,15
138,162
311,642
104,215
233,267
31,33
176,239
388,454
467,498
103,145
388,626
213,258
11,24
145,214
3,5
320,388
125,167
109,177
259,282
84,115
4,4
35,47
21,41
73,106
96,115
165,204
248,258
219,266
342,610
214,373
314,419
3,3
4,5
2,2
112,149
65,78
125,229
21,24
223,279
642,676
127,213
92,96
418,429
433,783
540,561
45,50
381,452
3,3
126,202
585,599
130,210
2,3
178,260
533,549
219,235
151,251
39,44
344,400
3,4
225,345
28,29
228,318
22,24
295,491
2,2
17,17
34,35
165,229
5,5
123,165
502,535
233,290
63,66
11,17
151,193
115,160
44,50
7,7
33,33
152,202
206,233
198,233
16,16
127,164
198,246
191,386
191,208
168,190
204,251
112,126
79,108
328,374
8,11
344,430
254,285
227,296
122,135
7,9
132,162
31,32
217,278
22,27
208,270
777,801
86,98
339,560
175,215
2,2
92,110
377,434
3,3
101,106
35,38
383,626
361,380
720,788
56,65
208,263
95,110
305,308
122,159
122,124
189,236
27,39
87,94
10,10
205,236
496,723
144,156
507,579
767,877
119,133
403,711
75,78
203,243
14,17
173,236
201,323
130,190
348,534
276,291
146,148
221,292
24,26
117,186
233,295
16,16
65,90
268,328
88,119
160,177
83,106
28,32
78,87
720,751
247,387
694,743
80,92
156,194
761,835
191,284
377,408
85,105
117,198
49,56
533,572
175,211
274,406
81,182
166,185
323,361
4,5
414,423
126,170
159,175
75,78
187,256
73,80
4,5
142,192
185,193
175,190
73,89
11,13
53,61
206,244
301,346
97,97
405,578
252,361
132,165
737,827
114,167
235,286
4,4
214,274
13,28
193,224
36,36
67,69
254,356
63,69
33,45
189,219
293,440
413,417
115,118
346,419
16,21
29,30
84,114
348,368
89,161
73,91
201,219
4,4
157,207
355,409
49,53
35,39
151,214
252,392
103,111
265,379
134,198
169,177
122,124
68,96
468,656
119,171
9,15
29,37
314,434
312,420
20,20
270,301
258,381
306,563
133,146
108,119
294,320
12,12
120,152
255,356
667,769
70,73
152,236
180,207
176,179
131,164
444,464
237,241
36,36
44,45
106,128
410,492
197,202
2,2
124,130
375,448
224,230
4,4
66,97
65,73
6,6
475,515
47,50
116,159
176,223
129,136
171,234
180,210
82,105
10,13
194,251
160,203
234,274
162,171
72,88
44,46
176,188
110,114
193,317
3,3
190,206
205,219
56,57
8,11
93,140
244,302
1,1
80,104
3,3
324,349
106,124
73,92
141,196
26,26
174,419
30,34
33,42
270,275
51,60
1,1
40,42
9,9
102,132
104,118
301,457
86,90
54,84
15,21
121,167
119,141
506,526
529,601
240,425
117,120
359,409
469,536
194,243
206,208
78,80
328,355
36,41
38,40
342,577
6,8
129,159
74,77
351,558
16,16
86,93
195,224
5,5
85,102
20,20
181,251
387,390
328,471
23,25
185,261
107,149
4,12
1,1
22,23
408,437
200,260
4,4
86,123
289,358
27,39
173,182
163,182
47,64
226,253
36,40
9,11
1,1
108,110
451,505
23,29
158,174
58,61
139,165
509,579
93,110
108,110
49,50
43,58
131,161
95,106
3,8
92,135
712,731
97,147
1,1
1,2
165,198
10,11
258,462
171,189
119,153
26,32
194,239
64,65
36,39
87,90
646,759
32,34
151,190
105,151
3,3
162,216
279,300
295,457
46,67
174,211
97,125
99,130
644,674
461,522
212,226
44,50
7,11
719,750
149,224
92,111
30,34
72,77
213,289
85,116
726,820
165,206
674,781
508,518
6,7
178,235
31,40
6,7
319,373
1,2
37,40
143,153
177,216
86,121
208,238
47,60
231,371
3,4
20,21
194,291
64,64
603,630
158,183
214,233
19,27
153,218
74,84
55,68
156,208
69,70
43,67
67,86
103,140
2,3
317,498
6,6
9,9
47,50
23,36
70,77
140,150
166,260
226,229
108,118
68,73
61,63
248,276
368,398
235,389
549,560
23,28
190,248
5,6
81,93
727,770
6,6
285,340
45,51
349,357
137,157
214,465
53,58
512,570
74,94
338,564
41,44
107,117
23,25
227,277
7,12
201,402
192,410
132,137
255,276
81,95
40,41
4,5
234,319
23,23
35,40
140,170
167,268
3,3
189,216
216,415
50,67
77,147
185,228
262,291
227,291
35,36
39,43
230,291
256,327
271,326
33,34
123,128
4,4
163,178
70,73
334,522
88,104
89,119
127,131
192,226
53,68
177,202
41,46
239,301
133,137
25,43
6,6
8,9
90,90
615,662
4,5
144,154
16,17
460,489
60,65
79,108
153,154
76,86
20,23
6,8
51,63
537,609
5,5
202,283
299,314
71,87
18,27
44,50
14,16
26,26
17,17
362,584
147,201
151,178
1,1
273,356
217,246
291,314
470,506
198,263
262,268
28,31
83,90
67,78
27,29
17,18
133,281
61,61
57,67
434,444
60,64
218,267
90,94
166,178
187,244
139,149
5,8
60,66
693,812
44,48
499,540
407,420
160,223
52,54
242,354
82,142
42,47
73,81
38,39
258,356
334,379
101,103
34,41
94,134
34,35
155,220
4,6
105,108
46,59
91,106
255,296
211,284
134,150
319,453
140,144
126,166
148,170
1,7
20,26
172,186
376,387
116,150
154,227
341,401
45,55
186,207
82,146
150,191
9,15
31,31
5,7
27,29
115,139
693,731
497,542
13,13
150,187
23,29
178,226
6,6
139,149
5,5
189,290
15,22
57,70
11,12
803,834
2,2
40,40
130,136
52,60
5,5
453,686
73,93
72,76
29,29
5,8
297,321
216,259
270,327
2,2
174,240
220,230
461,504
31,33
8,9
134,158
158,205
139,179
295,308
138,145
303,405
430,503
215,347
44,47
516,576
37,46
390,715
19,27
324,617
291,395
2,2
29,37
64,92
228,349
112,120
91,109
510,586
84,95
459,499
211,223
196,245
79,95
61,69
6,6
473,533
118,127
84,102
318,334
80,93
16,22
28,40
437,485
83,183
91,96
218,243
1,3
1,1
83,85
113,116
194,207
62,67
158,163
6,7
10,13
4,4
6,6
151,183
3,4
28,42
54,77
3,3
314,457
351,489
4,4
217,350
192,271
114,150
25,39
17,22
99,103
26,34
78,92
3,13
69,106
260,362
82,107
554,645
3,4
25,37
233,310
20,21
127,138
22,28
91,127
176,228
44,51
179,339
265,267
188,287
287,404
65,95
1,3
8,10
2,2
51,69
52,53
136,138
4,6
38,48
230,358
118,162
280,308
63,118
714,734
33,46
71,79
176,199
702,750
545,590
184,191
35,38
8,33
187,190
127,165
332,527
66,77
6,7
270,286
66,86
55,57
246,253
8,10
3,4
59,62
217,360
60,69
5,6
20,20
150,222
175,255
12,15
21,23
17,23
62,76
68,75
487,547
95,119
21,34
4,6
174,297
3,3
92,96
217,405
23,23
719,852
177,183
100,166
236,289
1,1
178,207
55,60
19,23
174,191
101,106
135,154
197,260
144,165
3,3
190,232
233,245
5,6
78,91
790,872
180,248
12,18
164,214
173,255
16,28
99,102
47,48
154,202
218,377
543,567
344,356
147,174
68,96
249,267
140,207
85,108
182,233
317,465
355,424
227,262
49,67
3,3
132,174
48,60
92,92
261,332
23,24
504,523
255,308
71,89
20,20
300,467
79,83
117,130
304,365
119,124
182,185
19,31
16,16
239,368
140,148
36,71
111,164
143,170
161,223
190,207
4,5
435,459
397,468
313,492
454,563
57,58
102,110
96,99
299,309
3,3
82,151
10,11
278,309
123,135
9,14
5,5
37,42
48,53
6,10
23,33
27,27
265,347
160,212
121,152
74,86
357,511
93,109
139,148
74,87
198,242
171,215
309,573
376,389
43,59
452,472
55,56
311,378
119,124
232,271
423,601
299,420
388,452
118,140
290,383
5,6
251,343
331,517
48,61
9,10
30,30
160,196
442,467
199,248
106,142
276,314
15,20
506,610
268,287
76,79
129,134
21,21
135,139
167,245
98,156
19,20
810,893
188,203
130,154
18,20
221,333
34,34
67,95
668,680
230,412
443,492
53,72
64,77
355,615
294,338
293,318
142,154
220,232
327,393
464,519
148,156
108,156
92,97
230,451
51,62
63,79
11,20
207,234
160,223
22,24
414,460
111,126
6,6
19,25
137,198
177,282
130,185
4,4
120,138
432,462
7,7
12,12
58,83
450,496
187,218
67,76
84,96
153,231
136,138
26,27
83,90
4,4
32,32
316,421
89,110
1,1
111,125
663,748
133,180
5,6
876,963
384,392
177,253
456,476
4,6
98,109
4,5
116,122
205,256
57,64
59,61
23,23
40,46
203,232
104,124
726,757
72,80
107,112
668,693
22,22
2,2
254,316
3,3
28,44
310,414
374,383
5,6
256,285
115,124
188,197
82,105
274,293
746,856
3,3
3,3
31,37
359,414
681,767
190,383
400,686
7,9
221,309
288,333
98,129
28,29
98,116
122,158
95,105
441,521
110,122
62,68
189,237
287,425
609,667
252,270
5,6
13,26
88,88
428,479
102,130
119,142
480,512
189,240
158,229
7,7
473,545
405,640
111,118
116,119
93,113
249,503
55,71
19,21
5,5
67,69
41,43
150,158
4,4
77,140
43,44
20,21
35,42
27,32
278,501
190,223
2,2
190,210
133,192
2,3
107,148
176,186
19,22
109,116
435,523
10,12
16,17
62,67
6,8
289,466
98,113
3,3
385,441
179,182
11,15
14,15
234,329
169,383
6,20
33,37
31,39
106,107
42,59
263,480
292,367
28,28
155,208
411,463
16,17
104,115
74,87
185,235
365,651
161,212
25,26
4,4
39,48
158,207
129,189
2,2
95,99
91,118
77,80
20,22
5,5
203,234
45,48
492,513
115,118
423,487
100,105
269,283
309,383
189,302
619,691
1,1
198,239
43,56
46,55
40,41
193,259
51,64
45,61
320,410
23,30
54,73
186,298
78,86
176,279
148,191
25,32
99,105
285,304
241,252
3,5
36,39
117,118
196,221
122,151
146,152
180,263
7,13
335,406
114,124
183,274
14,14
10,28
162,174
62,64
80,110
27,35
3,5
116,130
235,312
32,35
302,342
103,145
141,223
20,20
235,241
30,43
47,51
13,15
20,20
17,18
3,3
46,55
107,168
428,483
99,156
212,274
283,333
252,267
12,43
64,73
53,56
89,120
238,291
3,3
89,90
11,11
257,363
226,256
67,71
184,250
133,175
13,19
221,386
20,20
48,68
111,150
6,10
2,5
547,564
361,387
36,36
27,27
23,27
394,421
12,14
654,690
25,28
128,140
309,398
116,147
12,15
126,130
166,200
329,347
203,312
86,100
210,240
202,218
460,558
90,142
56,63
28,31
141,168
10,13
12,12
121,156
301,366
14,16
24,36
573,585
318,376
206,228
54,68
149,159
183,230
245,317
238,360
153,176
287,311
22,27
243,420
311,334
579,594
14,15
1,2
9,9
280,358
66,69
207,211
393,570
319,359
81,85
194,266
15,23
9,12
287,302
223,233
228,241
86,103
5,6
88,112
166,202
480,505
279,304
98,116
101,113
260,319
48,50
61,86
588,634
484,540
104,174
148,175
99,133
241,329
6,9
21,21
122,181
212,385
37,38
181,195
437,626
29,30
210,214
6,7
15,24
162,195
498,568
152,162
19,30
88,98
6,6
251,292
95,108
374,549
26,28
417,526
64,78
11,11
90,102
197,276
32,32
19,19
227,233
456,524
72,74
25,29
252,259
90,95
202,223
133,167
58,60
8,10
11,11
376,427
38,62
17,18
62,80
8,10
119,153
29,33
198,259
442,457
49,58
86,92
182,233
479,551
70,123
243,278
2,2
68,76
278,455
5,5
144,244
697,792
173,195
153,190
110,123
233,340
5,5
109,121
192,207
74,107
15,22
5,5
188,317
2,2
328,348
3,3
50,66
79,94
104,123
30,33
10,17
125,168
217,277
320,364
216,354
11,11
74,86
271,403
86,99
140,143
108,146
115,152
6,8
123,131
220,402
349,585
74,89
24,26
72,72
342,493
25,37
332,482
2,2
149,157
266,315
95,97
57,74
262,344
380,484
553,590
302,338
12,15
19,20
304,447
79,96
126,204
178,220
534,550
64,94
117,132
142,145
7,7
14,20
182,291
2,3
97,128
1,1
108,128
270,404
288,312
7,8
6,6
549,571
29,31
75,84
175,263
222,233
11,23
15,15
197,214
109,129
58,66
33,33
206,254
554,612
6,8
107,114
106,163
50,60
345,382
28,33
116,137
100,157
16,21
236,308
93,114
72,78
70,71
108,116
6,6
1,2
105,129
87,90
97,100
202,228
106,196
141,268
129,140
238,397
382,473
164,172
30,30
197,244
1,1
91,111
95,130
104,129
111,116
299,353
144,175
26,50
87,92
108,114
58,62
7,12
75,88
86,112
79,83
218,239
5,7
11,11
166,203
101,132
28,29
51,55
43,54
67,88
22,33
5,9
118,204
253,326
5,5
5,6
194,236
2,3
99,181
48,51
248,257
546,585
8,12
148,163
367,398
8,14
33,36
94,101
229,364
608,639
391,522
94,168
335,531
25,31
134,172
16,19
3,4
93,124
238,316
99,104
512,599
162,235
51,75
9,10
305,361
517,585
87,96
80,90
96,106
148,172
6,6
52,63
159,184
311,445
62,74
109,115
51,52
56,101
296,435
37,42
26,27
77,104
138,180
96,134
170,203
86,126
261,456
11,20
156,161
50,52
34,34
378,425
52,54
181,423
286,317
3,3
3,4
10,23
30,42
228,232
9,10
7,7
79,80
188,212
833,917
314,319
3,3
284,503
77,98
696,745
278,401
130,204
115,155
40,47
82,96
3,4
105,116
378,387
1,1
491,507
82,93
172,195
6,7
128,131
134,156
126,150
2,2
71,99
162,206
226,287
126,165
2,4
656,687
162,252
4,4
32,38
30,36
44,62
7,8
7,8
570,669
307,326
48,51
116,121
523,542
10,13
22,23
352,462
54,63
218,311
346,435
3,6
463,527
369,379
4,6
176,205
191,206
254,357
127,174
19,19
32,32
23,32
8,11
26,27
172,176
4,4
5,5
5,5
2,3
4,5
265,277
32,36
142,198
12,13
113,154
158,252
11,12
521,604
105,117
168,188
226,397
9,18
240,374
302,311
88,149
175,236
147,163
67,69
49,61
210,268
240,292
4,6
93,103
32,43
7,7
73,90
95,150
168,203
223,278
299,377
185,253
83,94
182,221
5,5
9,13
367,463
92,95
261,268
92,154
4,11
45,57
103,133
225,280
599,664
191,216
19,32
65,87
269,389
108,228
47,52
87,87
205,275
1,1
8,10
129,143
27,32
234,263
71,76
342,505
221,280
68,69
113,119
283,354
20,22
259,268
136,196
222,274
210,447
241,262
74,76
82,104
50,69
325,413
36,37
135,137
87,97
216,282
17,23
37,37
358,649
6,9
838,922
373,429
14,15
4,4
6,6
154,172
248,267
77,88
259,458
353,566
437,457
197,206
8,11
147,155
16,16
16,23
30,33
100,128
269,438
137,160
458,524
267,359
2,3
206,222
13,16
108,110
299,353
8,10
32,35
181,243
616,681
2,3
18,28
4,4
186,214
55,58
253,312
135,186
49,54
558,677
87,92
48,59
467,492
5,5
151,174
97,150
6,6
166,217
12,14
171,178
6,6
94,97
163,181
217,235
118,212
203,210
324,603
278,333
46,57
256,389
259,457
153,159
99,124
86,123
472,495
26,44
173,195
39,41
59,65
116,129
857,948
9,10
175,235
263,342
38,65
255,331
28,29
52,62
70,83
96,98
80,112
2,2
134,176
18,26
240,291
25,30
168,203
88,94
8,8
6,8
6,9
279,312
145,177
649,665
3,3
339,472
2,4
30,37
37,38
118,129
144,161
254,270
21,28
65,82
310,329
209,314
7,8
2,2
195,224
18,19
386,409
26,34
203,272
203,331
11,12
265,326
11,12
8,9
76,84
121,153
128,184
175,235
210,235
165,203
246,358
52,62
384,412
134,193
13,17
130,150
142,175
158,180
36,44
70,96
575,592
177,179
30,47
1,2
5,11
316,328
20,22
427,482
198,265
187,211
2,2
211,216
25,27
194,275
245,336
4,4
23,43
279,430
150,184
228,242
38,41
12,12
15,18
3,3
122,153
171,204
18,20
194,207
404,438
152,218
47,50
137,215
19,24
336,375
333,374
100,104
142,183
130,187
79,91
207,216
237,387
41,53
106,111
14,15
11,13
128,162
348,358
103,121
10,11
3,3
153,217
757,839
110,140
80,113
173,275
153,288
63,66
96,111
4,4
316,435
5,10
5,7
9,15
343,397
199,220
28,31
3,3
27,33
382,408
256,274
206,285
92,95
3,3
97,100
384,731
299,454
11,21
168,237
39,46
18,19
500,556
10,13
96,238
11,11
8,8
233,263
269,285
212,251
9,12
104,116
7,11
340,431
64,64
12,15
665,708
156,193
101,108
219,300
124,158
107,132
242,321
136,165
534,566
7,9
153,244
44,49
32,36
80,89
1,2
331,389
18,24
2,4
33,37
93,125
15,17
161,222
36,46
323,487
232,280
124,132
148,205
220,248
188,211
8,17
219,320
6,6
89,97
127,130
8,12
6,8
150,164
65,70
125,139
31,32
254,405
10,11
31,35
751,834
118,175
66,119
5,6
2,2
35,46
161,195
188,374
47,55
58,61
17,17
71,77
121,170
17,21
64,82
48,69
161,176
201,254
112,154
4,8
9,17
271,287
130,211
79,101
162,247
213,284
217,363
14,16
125,178
21,21
72,81
146,222
227,386
114,116
166,194
166,232
37,68
110,147
3,3
76,86
161,202
58,65
503,529
249,416
124,170
450,760
240,254
4,4
134,174
4,4
405,455
37,50
163,167
130,189
225,353
525,591
13,16
239,338
351,569
4,4
146,156
583,601
15,22
85,140
361,452
56,69
432,445
45,70
155,161
89,144
5,6
4,4
15,19
45,52
199,221
80,92
68,115
65,72
306,323
168,221
343,382
273,367
59,68
230,361
323,358
244,314
6,7
150,201
746,790
4,6
247,367
137,141
263,363
16,16
221,243
14,14
212,267
402,419
370,678
158,213
210,243
177,274
53,63
293,373
45,55
111,125
229,296
136,156
490,540
108,109
270,346
11,11
3,5
275,460
333,394
2,2
22,23
4,5
65,81
324,422
67,85
208,222
35,35
26,30
54,59
67,69
212,286
226,302
187,225
231,257
511,559
25,34
7,8
143,155
90,113
88,130
758,784
122,183
242,310
8,8
4,4
75,91
412,433
235,251
301,347
204,234
46,63
143,206
87,171
48,56
5,5
179,256
9,10
136,308
186,402
323,442
186,228
334,400
567,581
147,193
18,18
25,28
225,303
6,8
3,4
79,92
146,189
177,226
40,44
76,95
295,337
120,127
132,136
139,198
39,44
151,152
184,213
49,51
101,135
32,34
177,200
108,119
69,94
173,222
46,61
166,235
8,10
116,138
7,16
230,282
122,132
5,8
328,474
163,232
113,120
449,497
182,229
258,402
80,89
186,262
1,1
176,225
277,312
139,173
85,123
233,256
119,193
151,172
637,668
447,448
93,110
110,155
4,8
5,16
36,38
156,217
89,98
174,239
512,525
156,234
5,5
273,439
22,28
6,7
199,259
246,269
65,94
105,135
148,166
176,223
41,50
18,18
31,32
19,23
329,400
34,36
154,195
214,224
3,3
7,7
2,2
121,153
537,553
94,96
43,47
89,96
51,59
327,582
63,66
319,328
228,246
22,26
202,247
243,413
16,18
39,39
37,39
764,850
41,41
7,7
191,305
70,93
94,136
159,247
77,139
186,222
268,322
327,355
8,9
254,330
372,704
232,280
144,154
77,101
557,635
115,168
10,11
137,168
317,328
278,287
643,665
162,205
137,200
82,84
134,196
247,395
36,42
98,100
94,120
71,105
15,18
2,3
180,319
38,50
158,164
186,231
35,42
6,6
94,116
76,82
162,226
167,210
341,620
11,16
7,7
589,664
393,405
57,71
251,299
130,168
147,182
7,8
31,31
115,119
104,155
10,16
29,33
4,6
242,321
140,154
130,143
2,5
11,12
183,222
58,58
286,380
244,252
34,35
31,40
2,2
277,352
483,516
23,24
164,180
115,138
113,163
206,243
23,33
4,4
5,9
131,147
120,144
292,308
7,13
319,455
102,116
52,52
11,13
184,242
680,710
34,39
49,62
352,359
116,116
77,129
185,207
61,73
112,145
117,155
473,701
38,56
174,249
149,160
62,80
70,86
20,28
396,480
155,215
98,127
204,256
193,235
241,382
188,260
214,315
286,450
3,3
176,216
179,231
156,208
295,365
15,18
71,84
115,126
84,99
649,681
197,213
11,12
168,228
93,97
338,357
20,21
95,157
43,50
182,268
17,20
49,56
158,233
202,274
425,750
105,114
308,366
138,152
449,474
454,513
229,432
50,55
38,45
371,573
126,131
206,300
217,233
265,356
68,73
89,99
173,229
165,189
50,55
81,105
4,4
83,92
209,373
122,147
81,86
75,96
73,76
433,486
40,43
347,658
10,12
32,38
3,7
48,49
28,39
2,3
13,13
118,161
5,5
85,89
146,287
225,257
192,260
38,42
168,172
245,407
332,391
321,388
188,207
159,184
453,487
39,42
273,351
42,54
22,35
155,157
113,157
154,216
584,665
757,833
46,47
247,470
113,154
734,837
129,134
150,199
707,808
27,28
4,11
161,209
337,404
35,36
205,218
100,101
340,549
151,185
247,405
40,41
130,160
189,213
183,225
14,14
2,3
496,594
174,187
28,28
48,50
230,242
11,14
108,132
97,109
214,283
533,557
41,58
262,382
151,176
31,31
334,353
25,26
39,45
469,482
112,135
135,192
58,79
54,59
241,287
72,83
265,395
24,32
172,282
600,643
507,596
7,7
181,248
118,132
1,1
91,105
523,546
62,68
170,178
369,431
21,28
4,4
141,155
429,479
98,111
367,444
2,2
179,258
43,53
11,15
17,21
60,62
300,312
27,31
156,189
227,254
58,63
46,47
150,272
97,128
294,330
169,230
51,62
35,37
40,41
6,7
79,108
184,286
35,41
236,261
69,74
156,187
152,206
95,102
25,26
382,403
148,174
39,41
55,67
70,85
13,13
2,2
141,190
2,9
119,121
359,585
40,43
356,512
399,410
111,126
261,456
5,5
97,134
122,143
28,34
103,133
165,178
131,179
103,164
236,282
233,290
22,28
179,221
29,35
222,298
20,28
278,328
111,133
191,254
2,3
145,200
63,87
187,208
35,41
110,147
104,152
3,3
463,528
10,11
24,26
346,387
90,127
316,325
230,378
158,265
403,434
261,283
619,667
102,139
198,242
404,417
85,155
373,491
308,362
190,243
414,425
6,6
33,33
35,36
165,170
240,316
486,551
144,159
66,70
66,78
193,222
59,86
21,31
96,99
228,285
302,333
6,6
112,143
211,241
70,93
313,330
24,24
89,109
518,559
47,94
5,6
195,221
9,13
224,432
161,172
504,558
96,166
133,160
34,38
336,489
3,5
9,11
98,123
7,14
77,85
165,225
84,100
42,51
3,5
4,4
42,51
69,74
436,662
12,13
127,189
202,225
134,170
206,285
4,6
734,812
191,252
34,39
240,297
98,99
116,148
158,196
222,240
187,191
323,413
222,292
6,6
124,148
3,7
110,148
111,148
16,22
112,154
100,119
282,302
652,668
293,529
4,5
84,88
35,46
227,275
89,117
392,404
53,53
65,73
232,248
6,7
289,491
119,142
4,5
64,81
194,263
97,110
325,356
474,680
342,522
105,113
105,109
172,177
197,272
194,245
225,396
12,13
27,38
192,252
8,9
181,235
292,301
110,118
236,332
94,101
11,12
4,5
14,19
154,203
62,72
17,18
11,14
47,52
473,686
299,439
4,13
63,68
205,303
6,7
124,132
182,213
13,18
155,229
688,812
208,271
89,152
73,98
174,180
131,176
159,212
379,446
366,579
243,290
10,10
9,11
3,3
148,186
114,161
179,244
73,78
12,15
3,4
25,28
59,75
63,64
237,301
82,98
298,326
203,302
18,23
173,201
61,87
22,27
119,138
215,286
261,327
75,97
59,61
324,504
144,269
524,614
31,37
33,44
139,261
2,4
38,49
288,321
83,95
53,53
168,202
116,156
221,248
152,202
229,352
4,5
206,248
153,183
120,169
3,4
266,330
298,343
199,216
192,232
32,42
364,391
188,204
142,180
389,415
7,7
5,5
95,101
80,92
22,39
125,139
163,254
129,163
478,546
92,107
100,127
7,10
65,92
162,188
9,9
53,55
195,254
1,1
61,72
305,327
113,132
14,16
37,50
25,34
303,347
365,522
271,493
129,171
141,175
197,241
3,3
86,115
50,55
390,637
354,424
51,51
168,217
291,452
197,219
174,194
130,159
121,160
4,4
44,53
305,315
4,4
571,593
76,76
88,149
257,281
147,313
216,277
488,516
127,175
109,128
6,10
180,221
38,49
339,384
6,11
29,31
19,30
60,76
222,244
26,33
18,18
39,40
145,154
20,29
172,188
111,134
27,28
192,269
136,169
45,45
145,182
3,4
187,259
102,135
231,261
282,325
143,232
308,341
111,114
4,5
49,57
175,212
67,73
258,432
227,239
122,136
172,249
21,32
6,7
4,4
130,139
207,309
78,81
12,13
13,15
2,3
184,259
63,73
4,6
5,5
128,182
314,337
417,449
8,11
252,334
16,16
185,190
144,312
204,227
43,51
269,303
19,21
34,46
114,127
248,295
184,255
90,106
198,221
243,351
78,87
114,129
162,213
194,205
109,131
23,34
185,304
129,137
147,172
84,131
589,676
60,66
12,19
91,102
119,142
167,170
120,124
59,70
62,66
83,104
96,122
19,20
127,132
168,216
197,213
351,470
124,193
19,26
28,33
10,10
173,281
152,163
3,5
231,346
101,106
161,181
165,200
62,68
176,241
4,8
15,19
218,271
362,496
239,276
177,224
263,385
21,21
79,103
12,14
271,310
108,124
148,154
310,540
210,306
199,307
138,173
86,90
288,375
175,186
215,248
1,1
125,153
110,179
143,222
54,58
135,145
368,617
4,4
35,38
323,363
28,30
64,75
432,449
200,204
14,16
97,99
140,151
282,407
169,220
114,182
8,13
289,417
4,5
128,134
234,338
9,12
5,5
23,36
4,4
133,281
159,168
90,105
26,27
198,199
185,237
60,70
65,71
37,38
252,377
108,129
4,5
97,121
64,75
78,79
7,7
6,6
418,433
162,184
260,398
67,97
325,351
5,7
64,67
5,5
172,179
72,75
96,104
180,286
133,182
12,16
139,176
401,418
120,161
181,219
16,30
107,127
292,525
249,256
2,4
171,289
166,227
2,2
202,281
49,57
115,141
450,475
37,40
381,492
475,543
197,315
26,28
343,637
17,22
17,18
83,91
51,66
139,139
225,284
775,865
5,5
51,58
53,69
247,332
23,24
96,116
187,274
2,2
313,344
466,545
197,220
19,36
73,77
147,203
461,482
173,191
107,113
120,140
107,140
255,392
2,4
137,219
77,99
84,87
1,1
99,109
655,679
61,69
163,221
459,464
74,89
575,689
193,300
358,615
1,1
10,10
2,2
67,83
48,57
160,168
53,66
6,6
20,24
161,257
71,79
5,5
131,164
117,150
21,25
7,8
628,678
354,641
128,196
121,137
28,40
181,200
8,8
74,82
447,722
124,135
50,55
211,377
105,116
456,727
8,9
145,158
1,2
11,12
4,5
298,466
151,197
168,202
8,8
5,7
191,245
15,17
79,91
34,36
132,152
244,300
47,69
214,256
381,412
69,108
31,49
412,425
82,89
108,120
114,146
60,86
116,137
32,36
9,9
226,231
48,49
684,777
172,242
23,24
209,225
59,77
19,24
52,55
30,37
136,183
26,35
291,306
2,2
62,78
43,109
340,396
106,111
155,161
80,106
43,47
75,76
396,441
262,417
88,89
72,91
63,73
108,135
4,5
71,89
94,143
452,468
129,138
294,370
349,593
412,457
69,74
27,28
168,210
7,7
674,705
170,222
22,25
269,330
218,404
91,94
6,7
123,145
55,62
250,273
7,12
3,4
7,7
149,212
29,33
95,123
157,184
95,136
3,5
264,352
286,337
92,116
85,111
35,36
9,9
57,74
278,280
188,218
73,99
436,478
132,172
103,116
33,34
98,143
4,4
256,364
15,18
231,283
14,14
19,25
31,37
6,6
65,70
474,566
178,254
274,464
44,47
283,299
40,44
244,495
161,205
269,277
14,21
100,140
4,4
427,598
62,104
215,233
162,343
82,117
228,271
399,471
101,137
95,113
202,230
155,159
95,101
97,100
358,381
19,22
239,363
26,28
46,51
670,688
491,682
4,5
103,117
287,315
242,263
123,151
84,139
178,211
102,111
236,243
436,703
85,145
426,506
41,42
439,466
227,465
210,365
43,47
105,137
92,94
52,114
223,238
9,22
230,294
6,10
244,435
153,266
3,3
119,152
170,218
807,892
634,654
26,51
154,203
396,423
14,15
165,203
104,135
289,319
59,62
8,10
469,586
487,565
9,26
18,18
78,95
1,1
381,414
186,207
21,32
187,318
53,57
160,214
133,162
88,91
16,16
582,622
32,43
17,18
71,85
19,23
127,140
260,281
26,27
340,359
51,55
1,1
208,322
94,96
58,64
36,40
64,66
42,51
369,644
471,530
34,50
63,65
114,124
10,11
7,10
19,21
36,43
84,119
661,681
240,366
226,296
205,282
187,196
4,4
26,28
199,283
4,5
1,2
15,16
292,307
157,209
182,191
266,407
88,97
153,166
7,10
9,15
165,202
153,179
308,374
257,274
19,22
127,146
224,366
20,21
215,390
230,314
23,29
4,5
68,73
73,90
164,207
57,76
199,205
228,237
157,205
245,367
86,95
141,143
92,138
196,209
10,12
191,245
135,183
7,7
70,102
653,702
343,495
7,8
241,330
142,171
4,4
83,87
146,181
264,344
28,32
161,247
7,7
71,149
100,119
169,229
4,5
3,3
513,563
53,56
111,134
161,188
115,126
59,64
445,514
61,61
144,152
19,21
287,400
154,160
343,398
6,6
4,4
302,358
154,192
148,176
154,188
255,269
3,3
3,3
348,606
259,348
627,736
161,246
49,56
216,226
9,13
17,22
0,1
82,113
91,101
195,254
262,323
8,11
205,243
196,270
64,86
9,11
398,435
173,178
283,366
10,10
12,15
17,17
2,2
161,167
53,55
4,6
83,83
625,657
122,166
203,258
6,6
63,81
119,148
6,6
34,44
237,267
18,23
176,243
215,325
71,90
262,267
449,482
35,41
7,8
90,92
5,6
89,112
261,431
136,230
121,147
340,580
72,75
46,49
164,176
49,57
166,176
105,127
131,210
348,435
102,114
48,48
166,240
118,292
124,134
112,134
51,53
332,344
52,62
119,204
169,184
277,297
315,523
256,383
0,1
204,214
222,227
228,268
250,363
150,162
81,110
122,198
4,4
272,459
22,30
10,11
220,243
369,554
363,446
119,126
117,159
57,66
133,158
302,395
11,13
818,905
1,1
230,292
68,74
291,522
57,60
29,35
609,653
224,278
156,188
170,175
152,294
9,12
462,529
76,78
58,66
51,78
13,17
53,75
44,53
162,174
634,713
203,247
369,398
23,33
237,299
22,22
158,209
43,47
214,290
246,312
10,16
39,56
156,185
163,218
54,70
71,88
115,123
61,80
89,105
11,12
58,58
112,142
156,174
69,74
153,176
138,176
143,195
107,161
350,416
70,78
267,322
74,81
86,93
372,653
251,519
134,151
18,21
9,16
164,245
7,9
104,104
50,57
256,328
1,1
169,183
480,530
153,173
6,8
278,296
37,45
218,274
137,190
211,343
294,304
274,283
86,94
8,8
114,132
55,96
9,12
258,371
615,621
298,551
133,141
55,58
195,217
39,41
370,410
104,107
23,27
5,6
670,692
126,136
99,146
166,216
51,60
4,5
148,196
187,218
153,211
137,151
156,211
352,365
628,692
12,15
241,258
66,89
3,14
165,185
72,78
18,25
39,45
33,35
103,119
272,308
175,234
126,152
1,1
69,74
162,232
62,66
242,260
1,1
135,210
171,230
259,268
626,704
64,69
215,244
362,461
92,95
480,555
126,171
368,420
258,320
163,189
40,45
359,381
102,117
279,367
128,136
277,318
6,6
39,39
4,4
33,36
80,101
169,209
155,220
33,34
89,91
85,141
274,285
427,447
27,31
85,90
83,117
59,76
4,6
29,37
161,172
79,93
445,511
19,26
22,53
192,278
3,3
84,84
177,244
69,81
201,256
638,734
812,887
122,138
281,313
211,222
302,419
144,169
292,352
18,18
179,181
103,119
368,456
266,358
337,591
184,227
5,5
277,336
84,115
514,564
5,5
19,20
224,256
757,894
360,509
132,147
243,332
79,98
46,56
79,97
576,723
5,5
17,17
5,5
160,257
2,2
328,359
48,60
13,16
102,121
7,7
241,288
743,843
115,119
815,884
221,263
61,85
18,18
130,152
114,129
141,174
20,21
189,238
96,101
325,347
232,270
248,303
67,88
199,253
60,63
73,93
89,92
256,339
123,128
27,30
39,40
91,125
69,103
155,184
147,154
114,156
110,167
151,174
10,17
135,208
317,513
241,298
284,340
163,188
347,383
120,163
166,202
64,66
19,28
161,230
22,27
88,107
247,261
13,16
8,8
154,193
55,57
58,60
253,297
165,210
64,74
43,44
25,31
98,98
160,216
857,968
192,294
2,7
105,127
178,203
16,17
70,78
544,593
91,127
10,13
252,280
226,240
184,293
200,225
253,283
163,216
737,759
36,36
359,372
484,569
104,114
117,160
146,199
476,517
3,3
132,194
48,51
149,159
137,232
226,281
7,13
88,107
183,229
326,509
304,316
19,21
137,144
155,162
208,271
383,433
3,5
5,10
151,199
17,25
363,544
291,497
23,25
758,797
140,188
130,151
32,33
769,872
251,350
95,126
47,61
300,443
35,48
283,313
10,12
2,2
260,278
248,367
225,349
105,148
186,262
231,261
214,217
247,317
38,41
145,153
25,31
9,13
27,32
699,810
316,386
262,430
69,91
80,114
120,136
186,270
149,207
135,174
102,128
265,285
170,247
157,240
111,138
200,211
9,9
162,192
48,71
4,5
7,7
171,217
166,172
158,175
237,371
70,100
13,17
25,25
4,6
281,503
46,65
304,542
163,261
148,199
440,467
3,5
214,254
105,142
152,199
146,170
10,10
391,432
78,86
53,66
84,87
195,221
76,82
429,465
93,120
6,11
3,3
449,457
170,305
15,20
127,188
412,520
389,466
425,452
274,374
36,44
10,11
97,105
45,53
786,878
5,5
67,67
201,281
313,330
16,17
14,17
282,318
139,162
8,14
19,19
477,497
8,8
113,126
164,195
549,622
812,886
223,299
4,6
23,33
326,397
99,126
198,261
16,20
10,17
385,411
120,194
525,608
346,525
130,214
360,417
708,724
92,118
13,13
493,507
314,347
116,201
136,184
69,82
161,255
153,238
74,85
500,519
83,106
9,11
291,351
5,5
213,226
459,524
180,206
187,295
539,568
229,271
529,612
320,385
16,16
329,363
47,54
363,458
200,219
163,194
147,149
377,425
17,17
144,167
129,178
230,281
105,107
97,111
24,31
399,407
19,19
465,478
133,146
103,132
8,17
302,319
115,121
55,60
114,213
189,210
165,209
258,263
5,6
88,95
199,357
28,33
130,156
119,166
22,25
393,484
145,197
79,93
19,19
81,95
72,74
32,46
414,594
221,225
189,207
40,66
112,113
150,212
188,343
84,121
115,118
50,57
23,24
158,164
164,234
20,28
9,9
38,47
71,72
119,128
17,17
421,468
121,123
20,20
85,96
313,362
130,152
91,145
391,645
490,564
664,679
163,172
157,226
703,740
158,200
78,152
42,43
178,259
783,913
181,255
92,102
53,55
8,10
257,282
136,144
8,8
28,29
1,1
238,358
12,14
178,198
33,39
8,8
95,120
35,41
766,888
178,196
203,236
239,513
192,284
112,142
31,34
167,245
99,106
1,1
181,258
171,269
290,321
143,166
21,23
1,1
122,184
7,8
8,9
107,160
243,421
3,5
26,26
227,286
144,225
289,305
12,19
47,54
153,171
149,181
121,160
19,22
8,9
12,12
16,20
32,33
5,6
247,522
457,526
109,349
86,131
29,34
1,2
159,204
391,479
66,70
92,123
19,21
344,430
4,6
14,17
268,401
64,74
3,3
127,141
65,76
144,151
142,162
177,264
7,7
240,289
397,428
173,177
1,1
525,649
112,160
194,272
196,334
357,566
453,493
515,540
115,164
21,31
23,23
9,9
34,34
428,486
273,296
734,868
140,283
104,121
145,147
201,255
29,38
90,92
150,174
317,367
117,140
65,71
116,122
6,11
5,5
3,5
188,218
140,160
35,38
4,4
217,220
12,12
244,273
125,177
199,247
42,49
6,8
34,36
23,24
5,5
22,31
8,8
94,128
34,34
118,122
64,86
90,101
24,25
186,302
221,223
318,501
60,75
129,257
535,615
156,212
55,66
20,21
199,205
4,4
2,2
9,9
498,525
193,228
99,141
36,38
4,4
140,270
101,145
338,491
2,2
8,10
170,181
16,19
68,68
0,1
13,16
184,266
146,157
173,266
3,4
105,117
39,55
4,5
239,297
69,81
349,372
6,7
290,410
49,54
77,88
86,96
796,900
8,13
231,291
3,3
2,5
544,561
176,194
196,266
124,139
308,340
33,40
48,53
183,303
23,24
86,109
3,7
68,94
248,297
5,5
516,586
49,49
236,377
23,41
157,164
11,13
347,358
194,276
89,123
145,209
15,17
4,4
132,206
224,292
16,18
4,4
143,187
166,172
144,176
2,2
249,256
258,463
107,133
26,31
670,698
20,27
68,69
107,158
279,382
12,15
192,195
163,174
167,204
71,72
2,2
470,487
417,456
107,109
367,531
210,288
79,107
16,19
113,140
15,19
104,148
141,180
20,25
329,413
112,145
17,30
269,456
41,59
166,195
146,173
23,23
6,6
180,239
180,196
56,61
4,8
113,117
171,179
5,8
222,226
162,172
21,27
332,374
139,142
15,17
260,323
9,12
404,478
397,465
7,8
213,273
495,565
3,3
193,224
50,56
3,3
167,258
72,82
134,188
145,239
112,112
210,283
26,26
201,208
109,170
96,112
127,132
11,11
80,93
96,98
31,39
121,163
38,39
426,454
128,187
175,212
40,50
434,486
7,7
102,121
52,60
134,144
150,169
152,178
393,418
2,3
25,30
85,90
151,174
184,225
262,273
217,272
83,95
779,817
7,8
73,75
109,115
257,276
99,138
141,183
354,384
2,4
9,9
109,139
148,203
137,162
113,147
28,30
230,270
23,34
210,221
25,28
120,132
37,38
5,6
67,83
112,128
87,100
9,9
9,12
596,656
4,4
50,68
142,178
615,688
270,413
5,6
195,312
177,237
168,228
152,156
46,53
229,277
62,96
111,117
265,313
501,517
11,12
214,263
100,131
41,54
8,14
60,67
2,2
8,8
5,11
144,152
2,2
410,483
369,454
83,83
111,143
163,306
167,254
409,591
6,6
73,106
46,60
118,132
57,62
85,123
74,95
174,235
104,129
6,7
42,42
455,521
139,185
2,2
298,319
16,17
16,16
43,47
142,166
178,192
29,33
67,93
149,192
77,95
140,193
250,285
9,17
132,142
143,202
28,29
32,35
189,224
93,114
13,13
134,158
178,306
5,5
235,410
192,194
105,149
225,283
2,5
311,417
125,189
171,217
292,304
208,283
148,157
78,87
33,50
152,170
730,760
622,656
0,2
129,179
148,157
24,33
166,215
22,22
172,349
194,210
80,103
27,28
337,425
52,59
13,13
202,290
90,140
34,37
77,90
166,205
53,62
6,10
549,597
139,176
4,4
82,117
9,9
209,234
66,66
31,39
425,499
68,82
74,99
6,7
194,223
142,172
69,84
28,28
145,170
120,171
13,14
177,198
137,215
1,1
11,12
28,28
4,4
174,182
193,244
220,234
42,60
435,668
5,6
283,416
4,6
61,63
3,3
364,388
368,507
207,231
8,10
393,420
2,2
48,62
369,375
38,54
26,26
43,55
24,24
3,6
19,23
408,463
2,2
6,8
177,238
623,636
68,71
3,3
11,11
32,41
182,199
171,181
5,5
322,499
62,63
319,537
13,15
123,126
101,106
104,140
308,325
189,208
6,10
56,59
260,298
14,17
9,10
361,423
32,34
41,52
9,9
22,33
205,251
7,7
84,111
108,113
327,502
2,2
1,2
26,37
39,45
94,104
642,706
397,410
59,70
243,390
228,294
119,171
3,3
217,290
15,17
489,498
287,416
485,544
515,571
52,57
190,227
302,483
7,7
107,148
51,52
237,297
168,170
28,28
228,270
139,182
181,225
55,68
127,155
121,149
100,103
32,41
352,416
118,198
546,563
14,15
194,215
5,6
13,18
156,188
273,330
222,320
23,33
5,5
173,229
280,296
384,404
154,179
152,213
87,89
24,24
2,2
14,16
178,275
2,3
101,122
212,313
270,455
405,540
385,488
2,2
672,713
8,10
45,57
164,204
217,308
6,7
296,362
45,46
4,8
19,19
15,16
684,723
306,329
63,69
135,186
282,299
3,3
681,801
56,62
46,58
128,156
839,943
122,133
201,215
344,445
580,643
108,145
194,195
198,241
14,17
5,5
54,58
374,421
32,40
6,6
323,555
324,386
192,236
14,14
401,414
65,72
386,417
127,151
228,308
429,491
231,314
155,176
37,42
100,106
251,293
73,82
231,312
52,62
120,122
321,362
90,127
58,87
246,421
62,71
39,42
105,183
140,166
31,38
70,70
231,300
244,360
22,31
7,8
98,138
191,225
22,25
7,7
17,18
22,23
298,309
114,201
74,103
103,141
173,243
16,17
54,74
425,446
2,2
383,410
155,304
184,217
239,285
166,181
175,203
96,162
274,514
4,7
114,120
314,480
19,25
21,31
297,412
272,335
36,36
159,162
5,6
272,351
124,133
212,237
486,582
100,115
188,204
151,217
12,22
733,834
207,227
177,198
31,35
60,65
293,404
374,416
9,11
468,487
183,274
106,113
120,153
2,2
237,352
335,389
35,35
121,123
208,253
92,99
4,6
49,54
63,71
53,54
4,4
161,196
81,90
70,71
218,238
116,125
6,12
90,97
12,22
4,5
42,50
139,179
243,268
120,147
147,218
231,241
265,331
111,133
252,292
6,6
260,313
296,337
243,257
63,102
6,6
55,69
486,530
